{
  "main": {
    "id": "c782290c019d2bc8",
    "type": "split",
    "children": [
      {
        "id": "e78aedf1c63668e9",
        "type": "tabs",
        "children": [
          {
            "id": "548bb380049e4446",
            "type": "leaf",
            "state": {
              "type": "markdown",
              "state": {
                "file": "frp内网穿透-使用记录.md",
                "mode": "source",
                "source": false
              }
            }
          }
        ]
      }
    ],
    "direction": "vertical"
  },
  "left": {
    "id": "1245a614345db132",
    "type": "split",
    "children": [
      {
        "id": "1bc92922617f57ed",
        "type": "tabs",
        "children": [
          {
            "id": "a9486467af9f9caa",
            "type": "leaf",
            "state": {
              "type": "file-explorer",
              "state": {
                "sortOrder": "alphabetical"
              }
            }
          },
          {
            "id": "96690c563fb05a88",
            "type": "leaf",
            "state": {
              "type": "search",
              "state": {
                "query": "",
                "matchingCase": false,
                "explainSearch": false,
                "collapseAll": false,
                "extraContext": false,
                "sortOrder": "alphabetical"
              }
            }
          },
          {
            "id": "f06e5a67eb33ed10",
            "type": "leaf",
            "state": {
              "type": "starred",
              "state": {}
            }
          },
          {
            "id": "18c7c1708373b262",
            "type": "leaf",
            "state": {
              "type": "bookmarks",
              "state": {}
            }
          }
        ]
      }
    ],
    "direction": "horizontal",
    "width": 200
  },
  "right": {
    "id": "ed9f220792ade94a",
    "type": "split",
    "children": [
      {
        "id": "ad49b3adb8c2bb94",
        "type": "tabs",
        "children": [
          {
            "id": "e92e06c33d7c3965",
            "type": "leaf",
            "state": {
              "type": "backlink",
              "state": {
                "file": "frp内网穿透-使用记录.md",
                "collapseAll": false,
                "extraContext": false,
                "sortOrder": "alphabetical",
                "showSearch": false,
                "searchQuery": "",
                "backlinkCollapsed": false,
                "unlinkedCollapsed": true
              }
            }
          },
          {
            "id": "c7ddc932dfc252dd",
            "type": "leaf",
            "state": {
              "type": "outgoing-link",
              "state": {
                "file": "frp内网穿透-使用记录.md",
                "linksCollapsed": false,
                "unlinkedCollapsed": true
              }
            }
          },
          {
            "id": "ecb923dfd5b96a07",
            "type": "leaf",
            "state": {
              "type": "tag",
              "state": {
                "sortOrder": "frequency",
                "useHierarchy": true
              }
            }
          },
          {
            "id": "79d829904a8e7a0d",
            "type": "leaf",
            "state": {
              "type": "outline",
              "state": {
                "file": "frp内网穿透-使用记录.md"
              }
            }
          }
        ],
        "currentTab": 3
      }
    ],
    "direction": "horizontal",
    "width": 200
  },
  "left-ribbon": {
    "hiddenItems": {
      "oz-clear-unused-images:Clear Unused Images": false,
      "obsidian-local-images-plus:Local Images Plus  0.15.8\r\nLocalize attachments (plugin folder)": false,
      "switcher:打开快速切换": false,
      "graph:查看关系图谱": false,
      "canvas:新建白板": false,
      "daily-notes:打开/创建今天的日记": false,
      "templates:插入模板": false,
      "command-palette:打开命令面板": false
    }
  },
  "active": "a9486467af9f9caa",
  "lastOpenFiles": [
    "gcc修炼-第1节.md",
    "gcc修炼-第2节.md",
    "Linux命令.md",
    "DSP/3key_points/5-ERROR_CHECK.md",
    "Attachments/f8a73ebed3c8463ef74fd0fa86d9f633_MD5.jpeg",
    "DSP/3key_points/Pasted image 20240322115256.png",
    "DSP/3key_points/4-Mixer_Block.md",
    "DSP/3key_points/3-DSP_core 升降采样.md",
    "DSP/3key_points/2-DSP_Block.md",
    "DSP/3key_points/1-串行 IO 数据格式.md",
    "DSP/1需求/需求梳理.md",
    "DSP/1需求/HM7&H5.md",
    "DSP/2TDM8inSL16_IISout/过程记录.md",
    "MCU.md",
    "Temp/2KeyPoints/README.md",
    "Temp/0BasicKnowledge/README.md",
    "Temp/1TranslatePerSeg/README.md",
    "Temp/3OutKnowledge/README.md",
    "Temp/3OutKnowledge",
    "Temp/2KeyPoints",
    "Temp/1TranslatePerSeg",
    "Temp/0BasicKnowledge",
    "Temp",
    "Audio/0PreKnowledge",
    "Audio",
    "DSP/未命名",
    "Attachments/image-20231106181228268.png",
    "Attachments/image-20231106181208709.png",
    "Attachments/image-20231106181121606.png",
    "Attachments/image-20231106180804264.png",
    "Attachments/image-20231106180734755.png",
    "Attachments/image-20231106180615189.png",
    "Attachments/image-20231106180555534.png",
    "Attachments/image-20231106180437924.png",
    "ZZ9/XWOS配置(win).md",
    "ZZ9/PRAM 固件读写问题.md",
    "www.baidu.com.md",
    "RDMS_SOL文档/SOL.001.002.005.md",
    "RDMS_SOL文档/SOL.001.002.007.md",
    "RDMS_SOL文档/UART.md",
    "RDMS_SOL文档/SOL.001.002.004.md",
    "ZZ9",
    "RDMS_SOL文档/iic.md",
    "RDMS_SOL文档/uart.md",
    "gcc修炼——第1节.md",
    "gcc修炼-第1节",
    "未命名.canvas",
    "未命名 1.canvas",
    "工作记录/Canvas/dcpg-iclk-itiming.sh.canvas",
    "工作记录/Canvas/dcpg-dsiclk-itiming.sh.canvas",
    "工作记录/Canvas/dcpg-dsiclk-dsitiming.sh.canvas",
    "工作记录/Canvas/未命名.canvas"
  ]
}