{"meta":{"version":1,"warehouse":"5.0.1"},"models":{"Asset":[{"_id":"node_modules/hexo-theme-fluid/source/google5de73cf11e8781b2.html","path":"google5de73cf11e8781b2.html","modified":0,"renderable":1},{"_id":"node_modules/hexo-theme-fluid/source/robots.txt","path":"robots.txt","modified":0,"renderable":1},{"_id":"node_modules/hexo-theme-fluid/source/img/avatar.png","path":"img/avatar.png","modified":0,"renderable":1},{"_id":"node_modules/hexo-theme-fluid/source/img/default.png","path":"img/default.png","modified":0,"renderable":1},{"_id":"node_modules/hexo-theme-fluid/source/img/fluid.png","path":"img/fluid.png","modified":0,"renderable":1},{"_id":"node_modules/hexo-theme-fluid/source/img/loading.gif","path":"img/loading.gif","modified":0,"renderable":1},{"_id":"node_modules/hexo-theme-fluid/source/img/phot.png","path":"img/phot.png","modified":0,"renderable":1},{"_id":"node_modules/hexo-theme-fluid/source/img/police_beian.png","path":"img/police_beian.png","modified":0,"renderable":1},{"_id":"node_modules/hexo-theme-fluid/source/css/gitalk.css","path":"css/gitalk.css","modified":0,"renderable":1},{"_id":"node_modules/hexo-theme-fluid/source/css/highlight-dark.styl","path":"css/highlight-dark.styl","modified":0,"renderable":1},{"_id":"node_modules/hexo-theme-fluid/source/css/highlight.styl","path":"css/highlight.styl","modified":0,"renderable":1},{"_id":"node_modules/hexo-theme-fluid/source/css/main.styl","path":"css/main.styl","modified":0,"renderable":1},{"_id":"node_modules/hexo-theme-fluid/source/xml/local-search.xml","path":"xml/local-search.xml","modified":0,"renderable":1},{"_id":"node_modules/hexo-theme-fluid/source/js/boot.js","path":"js/boot.js","modified":0,"renderable":1},{"_id":"node_modules/hexo-theme-fluid/source/js/color-schema.js","path":"js/color-schema.js","modified":0,"renderable":1},{"_id":"node_modules/hexo-theme-fluid/source/js/events.js","path":"js/events.js","modified":0,"renderable":1},{"_id":"node_modules/hexo-theme-fluid/source/js/img-lazyload.js","path":"js/img-lazyload.js","modified":0,"renderable":1},{"_id":"node_modules/hexo-theme-fluid/source/js/leancloud.js","path":"js/leancloud.js","modified":0,"renderable":1},{"_id":"node_modules/hexo-theme-fluid/source/js/plugins.js","path":"js/plugins.js","modified":0,"renderable":1},{"_id":"node_modules/hexo-theme-fluid/source/js/local-search.js","path":"js/local-search.js","modified":0,"renderable":1},{"_id":"node_modules/hexo-theme-fluid/source/js/utils.js","path":"js/utils.js","modified":0,"renderable":1},{"_id":"source/img/banner/c_program.jpg","path":"img/banner/c_program.jpg","modified":0,"renderable":0},{"_id":"source/img/banner/frp_banner.png","path":"img/banner/frp_banner.png","modified":0,"renderable":0},{"_id":"source/img/index/gnu_gcc.png","path":"img/index/gnu_gcc.png","modified":0,"renderable":0},{"_id":"source/img/index/frp_index.png","path":"img/index/frp_index.png","modified":0,"renderable":0},{"_id":"source/img/index/linux_shell.jpg","path":"img/index/linux_shell.jpg","modified":0,"renderable":0},{"_id":"source/img/bg/a.jpg","path":"img/bg/a.jpg","modified":0,"renderable":0},{"_id":"source/img/bg/b.jpg","path":"img/bg/b.jpg","modified":0,"renderable":0},{"_id":"source/img/bg/c.jpg","path":"img/bg/c.jpg","modified":0,"renderable":0},{"_id":"source/img/bg/d.jpg","path":"img/bg/d.jpg","modified":0,"renderable":0},{"_id":"source/img/bg/e.jpg","path":"img/bg/e.jpg","modified":0,"renderable":0},{"_id":"source/img/bg/f.jpg","path":"img/bg/f.jpg","modified":0,"renderable":0},{"_id":"source/img/icon/apple.png","path":"img/icon/apple.png","modified":0,"renderable":0},{"_id":"source/img/icon/chrome.png","path":"img/icon/chrome.png","modified":0,"renderable":0}],"Cache":[{"_id":"source/_posts/frp内网穿透-使用记录.md","hash":"f60ddfd1cb56c8cbbdd0d6079f25fd0295989976","modified":1711518313160},{"_id":"source/_posts/jnew_post","hash":"aaa251a33d54ef5828e79c0ce89f4f148b4a610b","modified":1711518313176},{"_id":"source/about/index.md","hash":"85090eaec87e50bc18ba8cfe25809fd2b60c62f7","modified":1710325298000},{"_id":"source/_posts/jdeploy_git","hash":"efad619bc8cd6376614d00465d140f7686e9fc94","modified":1711526534182},{"_id":"source/_posts/gcc修炼-第1节.md","hash":"eb93f0fad3b04de5b7d27616fd62f66b66d34e23","modified":1711518313174},{"_id":"source/_posts/.obsidian/app.json","hash":"cf6d7ab97ad260f61e73aa22210704d9426cc8bf","modified":1711535345020},{"_id":"source/_posts/.obsidian/appearance.json","hash":"631cf5a2923f508219670e6cd347b437e67ee94b","modified":1711535345022},{"_id":"source/_posts/.obsidian/core-plugins-migration.json","hash":"95c2f83a1d651a618c2866ead80445ca5047841b","modified":1711535344631},{"_id":"source/_posts/.obsidian/community-plugins.json","hash":"6dc2815584edf98c5fb5b4189044c53774c9ef8e","modified":1711535345128},{"_id":"source/_posts/.obsidian/core-plugins.json","hash":"eb138d03157a06efdb791f441be97c256aca472c","modified":1711535344630},{"_id":"source/_posts/.obsidian/graph.json","hash":"767232d6dd67f13469323920286bee12f118ddc1","modified":1701865143000},{"_id":"source/_posts/.obsidian/hotkeys.json","hash":"bf21a9e8fbc5a3846fb05b4fa0859e0917b2202f","modified":1701865143000},{"_id":"source/_posts/jupdate_time","hash":"d66071a93aff06696aa0033ae4a0c55136045190","modified":1711518313176},{"_id":"source/_posts/.obsidian/appearance-DESKTOP-EHMM7E4.json","hash":"e7714854362412a9e306fb970d070da3edb7d679","modified":1701865143000},{"_id":"source/_posts/.obsidian/workspace.json","hash":"aa6ffb5c618a97420bbd19060c6fc0b9f7c5f251","modified":1711535345207},{"_id":"source/_posts/.obsidian/page-preview.json","hash":"bf21a9e8fbc5a3846fb05b4fa0859e0917b2202f","modified":1701865143000},{"_id":"source/_posts/frp内网穿透-使用记录/36ec4a0fd428863e0efeee2536b28cde_MD5.jpeg","hash":"9c6a8545e5416b80f1c3a1dadc57ecf4171eb222","modified":1711518313163},{"_id":"source/_posts/.obsidian/workspace-DESKTOP-EHMM7E4.json","hash":"a40dd3ff5763c583aef73fdbfb94befb1dfdee7d","modified":1701865143000},{"_id":"source/_posts/frp内网穿透-使用记录/b53fa024875ecaa01d19bbf7c1ed6e0e_MD5.jpeg","hash":"2c3090524a02981e45fddde51319f383ab97776d","modified":1711518313173},{"_id":"source/_posts/frp内网穿透-使用记录/afd713590a8abd299f012d8d7932c42d_MD5.jpeg","hash":"70f82ff674d955fe48f813f73adfa58a9a078c76","modified":1711518313173},{"_id":"source/_posts/frp内网穿透-使用记录/cb48e711cc8de269bbc0f3592df21c0a_MD5.jpeg","hash":"cb1000c5d2fd592e7e8a51d0f01b1303383bfeed","modified":1711518313173},{"_id":"source/_posts/gcc修炼-第1节/8af5eedd71c05782187f5b0b01ad29ca_MD5.jpeg","hash":"a7fd34e0ad9becff7e9efd9e0c1208ef73dc1461","modified":1711518313175},{"_id":"source/_posts/gcc修炼-第1节/fc81ec4f3b390a718d9f921c56e31774_MD5.jpeg","hash":"6031945cf110c437c1aa42ae71eae5521471a4e6","modified":1711518313175},{"_id":"source/img/index/linux_shell.jpg","hash":"03af68fcc5acf0ba4e17b69d4b573294ef2c2be2","modified":1707032111000},{"_id":"source/img/index/frp_index.png","hash":"cef2b10bc95d47c2b9903594e071aa0a4e583ffc","modified":1706852637000},{"_id":"source/img/icon/apple.png","hash":"1102ad20cc0580cda5abe7a92a8c2d510a029abe","modified":1706784379000},{"_id":"source/_posts/.obsidian/snippets/theme.css","hash":"82983cb2a776ef1b41601014ad5c20137e96b5d3","modified":1701865143000},{"_id":"source/_posts/.obsidian/plugins/easy-typing-obsidian/data.json","hash":"51e3ca6a79fec7bfacc30cdaa56e234a08fda999","modified":1708935812800},{"_id":"source/_posts/.obsidian/plugins/easy-typing-obsidian/manifest.json","hash":"2d179b104bbfd47419888e624ce743629f5f5b3c","modified":1701865143000},{"_id":"source/_posts/.obsidian/themes/Minimal/manifest.json","hash":"599a3de6448232288a6acf9b6d20bae6141ae35e","modified":1702893897392},{"_id":"source/_posts/.obsidian/plugins/obsidian-local-images-plus/manifest.json","hash":"73098997ac3ec315bab06d86085743f343a17a3a","modified":1701865143000},{"_id":"source/_posts/.obsidian/plugins/obsidian-local-images-plus/data.json","hash":"ff35e2a63cffb8f2eae2f21d63419cdda09c43df","modified":1706775538856},{"_id":"source/_posts/.obsidian/plugins/obsidian-local-images-plus/styles.css","hash":"08c5489b23b41a2e36de1ee966c510256eae8fd9","modified":1701865143000},{"_id":"source/_posts/.obsidian/plugins/oz-clear-unused-images/data.json","hash":"365e995aa4b644684ca9fb40158bb8e8ed445e64","modified":1701865143000},{"_id":"source/_posts/.obsidian/plugins/oz-clear-unused-images/manifest.json","hash":"379750105ddd294f617a13b823ae6d7384fc0b89","modified":1701865143000},{"_id":"source/_posts/.obsidian/plugins/oz-clear-unused-images/main.js","hash":"d10927afc485d41a5c2b4e052b44f3a9e6dc73b8","modified":1701865143000},{"_id":"source/_posts/.obsidian/plugins/oz-clear-unused-images/styles.css","hash":"694f91afc8815562c0ef05758991db9724da6d83","modified":1701865143000},{"_id":"source/_posts/.obsidian/themes/Typora-Vue/manifest.json","hash":"f10ba9e9ad160dd9f42cb60fc6fb8c59f4d4912c","modified":1702893901177},{"_id":"source/img/icon/chrome.png","hash":"a1c851aea54ba8c88365493b0d6adcf99583816c","modified":1706784379000},{"_id":"source/_posts/.obsidian/themes/Typora-Vue/theme.css","hash":"187304f11b61c3031df60f6e698e8fa2014f2b52","modified":1702893901181},{"_id":"source/_posts/frp内网穿透-使用记录/35b5acb29b8ff252d159c3106436a010_MD5.jpeg","hash":"f709e0073c47f732193d97e2cd95383a298bd96a","modified":1711518313162},{"_id":"source/_posts/frp内网穿透-使用记录/6ab1a7e48358d10033cd8c100bee4dbb_MD5.jpeg","hash":"a98808a9e238350d8833a7264222d23dcaa1ed4b","modified":1711518313170},{"_id":"source/_posts/frp内网穿透-使用记录/fc984d1f1c751c24e90b6b1c29fb4b93_MD5.jpeg","hash":"9ac0601d043568c286f4949f99aef02f5fb168d1","modified":1711518313174},{"_id":"source/img/index/gnu_gcc.png","hash":"b07a4976287604a8a9065622450e4bd951c9d3f8","modified":1707124571000},{"_id":"source/_posts/frp内网穿透-使用记录/5ee686c92f4042c799cc21d7b58e6761_MD5.jpeg","hash":"af228f6986aa1bbfcf1b5dbd429211ad3d0c3465","modified":1711518313169},{"_id":"node_modules/hexo-theme-fluid/source/css/_pages/_tag/tag.styl","hash":"da39a3ee5e6b4b0d3255bfef95601890afd80709","modified":1706759575000},{"_id":"source/img/banner/frp_banner.png","hash":"a3e6a288c743f13f2337c7f9e4e82913ebc585be","modified":1706852837000},{"_id":"source/_posts/.obsidian/themes/Minimal/theme.css","hash":"8fc8753cd54b0851d1fbf7b7f75ee50023d0d7c0","modified":1702893897395},{"_id":"node_modules/hexo-theme-fluid/package.json","hash":"c640b57695b7b6002399711f1a7708b0f6c05b84","modified":1706759575000},{"_id":"node_modules/hexo-theme-fluid/layout/404.ejs","hash":"b84d575c7b7f778b4cb64e89ad3d0aed4a896820","modified":1706759575000},{"_id":"node_modules/hexo-theme-fluid/layout/archive.ejs","hash":"7c1f44005849791feae4abaa10fae4cb983d3277","modified":1706759575000},{"_id":"node_modules/hexo-theme-fluid/layout/categories.ejs","hash":"13859726c27b6c79b5876ec174176d0f9c1ee164","modified":1706759575000},{"_id":"node_modules/hexo-theme-fluid/_config.yml","hash":"759d78d97cfe364a4bcf0b5cd2d3505967674276","modified":1706759575000},{"_id":"node_modules/hexo-theme-fluid/LICENSE","hash":"26f9356fd6e84b5a88df6d9014378f41b65ba209","modified":1706759575000},{"_id":"node_modules/hexo-theme-fluid/layout/category.ejs","hash":"f099161b738a16a32253f42085b5444f902018ed","modified":1706759575000},{"_id":"node_modules/hexo-theme-fluid/layout/about.ejs","hash":"163bee643e6a38912d3ae70923c83c48d57222e7","modified":1706759575000},{"_id":"node_modules/hexo-theme-fluid/layout/links.ejs","hash":"1cac32ec4579aaf7b9fa39d317497331d4c5e1dd","modified":1706759575000},{"_id":"node_modules/hexo-theme-fluid/layout/index.ejs","hash":"33c3317cdcee062789de2336dd8d0cc7f86d3650","modified":1706759575000},{"_id":"node_modules/hexo-theme-fluid/layout/page.ejs","hash":"ed5007a3feb8f14d3d2843271bfb298eb0c56219","modified":1706759575000},{"_id":"node_modules/hexo-theme-fluid/layout/tag.ejs","hash":"9d686364c4d16a1a9219471623af452035c5b966","modified":1706759575000},{"_id":"node_modules/hexo-theme-fluid/README.md","hash":"ff9b0e1fb9dba665af2f1e4a577f8cb9e840464b","modified":1706759575000},{"_id":"node_modules/hexo-theme-fluid/source/google5de73cf11e8781b2.html","hash":"beba4f5abe2c8c9af89129020f21b0f54f73b3d2","modified":1706845749000},{"_id":"node_modules/hexo-theme-fluid/source/robots.txt","hash":"8d4d478917ec2d371e942ff5eb92e2e1004bea32","modified":1707101695000},{"_id":"node_modules/hexo-theme-fluid/layout/tags.ejs","hash":"1d06af34b6cf1d8a20d2eb565e309326ceba309f","modified":1706759575000},{"_id":"node_modules/hexo-theme-fluid/layout/post.ejs","hash":"9bf0d357a607a282f3b9cb04525a4df0cc2a8b76","modified":1706759575000},{"_id":"node_modules/hexo-theme-fluid/layout/layout.ejs","hash":"7e0023474128fbe4d68c467704c41f1712432415","modified":1706759575000},{"_id":"node_modules/hexo-theme-fluid/languages/eo.yml","hash":"a556251cc50a5680578c03f1efbf252b1f4ab860","modified":1706759575000},{"_id":"node_modules/hexo-theme-fluid/languages/en.yml","hash":"cb11b39f44ea069652c9647179606b6cecc98d50","modified":1706759575000},{"_id":"node_modules/hexo-theme-fluid/languages/es.yml","hash":"7112594259c88c04714be152af7fd377687dad40","modified":1706759575000},{"_id":"node_modules/hexo-theme-fluid/languages/ja.yml","hash":"3dd6d20f8d26585a7c154a8e59fe8d5d902f4c6a","modified":1706759575000},{"_id":"node_modules/hexo-theme-fluid/languages/de.yml","hash":"0e7d455d9e004ff15d8924b7a0c35cea25ee5b1d","modified":1706759575000},{"_id":"node_modules/hexo-theme-fluid/languages/zh-TW.yml","hash":"596d031dff3826ae8e4ffc8931fff28977b73247","modified":1706759575000},{"_id":"node_modules/hexo-theme-fluid/scripts/events/index.js","hash":"79de5a379b28cad759a49048351c7f6b8915bd7d","modified":1706759575000},{"_id":"node_modules/hexo-theme-fluid/languages/zh-HK.yml","hash":"80ed400a7adaa92ea54fc7f5d534c9af795bed00","modified":1706759575000},{"_id":"node_modules/hexo-theme-fluid/scripts/filters/default-injects.js","hash":"b2013ae8e189cd07ebc8a2ff48a78e153345210f","modified":1706759575000},{"_id":"node_modules/hexo-theme-fluid/languages/ru.yml","hash":"7dc78f22696649a4c68dc65a9b52d9a992fa82a0","modified":1706759575000},{"_id":"node_modules/hexo-theme-fluid/languages/zh-CN.yml","hash":"2253e1bc61694b3bdc5e434ea2660d13d941b50e","modified":1706759575000},{"_id":"node_modules/hexo-theme-fluid/scripts/filters/post-filter.js","hash":"82bb06686158ebe160a631c79f156cd4fde35656","modified":1706759575000},{"_id":"node_modules/hexo-theme-fluid/scripts/filters/locals.js","hash":"58d0fec976f6b1d35e7ea03edc45414088acf05c","modified":1706759575000},{"_id":"node_modules/hexo-theme-fluid/layout/_partials/archive-list.ejs","hash":"7520fbf91f762207c2ab06b2c293235cd5b23905","modified":1706759575000},{"_id":"node_modules/hexo-theme-fluid/layout/_partials/footer.ejs","hash":"10ccfb8eef4e16182183c9a3e175c90d5b6397d3","modified":1706759575000},{"_id":"node_modules/hexo-theme-fluid/layout/_partials/category-chains.ejs","hash":"18309584aab83bc4deb20723ebad832149dd2e24","modified":1706759575000},{"_id":"node_modules/hexo-theme-fluid/layout/_partials/category-list.ejs","hash":"f8d2f1907450e61968e6d54443e9be8138196a77","modified":1706759575000},{"_id":"node_modules/hexo-theme-fluid/layout/_partials/css.ejs","hash":"85f6e051550907681ab4ed2e268ac8f6e9ebf931","modified":1706759575000},{"_id":"node_modules/hexo-theme-fluid/layout/_partials/comments.ejs","hash":"d707c47b2638c94e489bc43d4cfd098b7c58447f","modified":1706759575000},{"_id":"node_modules/hexo-theme-fluid/layout/_partials/header.ejs","hash":"0d5e397d30051e5fbabe7b47cfd1f1e6a5820af1","modified":1706759575000},{"_id":"node_modules/hexo-theme-fluid/layout/_partials/markdown-plugins.ejs","hash":"fc4bdf7de0cf1a66d0e5e4fba1b31d6f7ed49468","modified":1706759575000},{"_id":"node_modules/hexo-theme-fluid/layout/_partials/paginator.ejs","hash":"0f38a2c238169edcb63fc46c23bfc529ff3859b7","modified":1706759575000},{"_id":"node_modules/hexo-theme-fluid/scripts/generators/index-generator.js","hash":"9159fc22fa84a7b605dd15fe4104f01fe9c71147","modified":1706759575000},{"_id":"node_modules/hexo-theme-fluid/layout/_partials/head.ejs","hash":"7b7b1d098726e86687a15fe3d520d178577ffcae","modified":1706759575000},{"_id":"node_modules/hexo-theme-fluid/scripts/generators/local-search.js","hash":"9ac5ddad06e9b0e6015ce531430018182a4bc0fa","modified":1706759575000},{"_id":"node_modules/hexo-theme-fluid/scripts/tags/button.js","hash":"3eb43a8cdea0a64576ad6b31b4df6c2bf5698d4c","modified":1706759575000},{"_id":"node_modules/hexo-theme-fluid/scripts/generators/pages.js","hash":"d3e75f53c59674d171309e50702954671f31f1a4","modified":1706759575000},{"_id":"node_modules/hexo-theme-fluid/scripts/tags/checkbox.js","hash":"0857aa86db2a711ae5c77218a9e3fa686d0e87b1","modified":1706759575000},{"_id":"node_modules/hexo-theme-fluid/layout/_partials/search.ejs","hash":"70e1c929e084ca8a2648cedabf29b372511ea2b8","modified":1706759575000},{"_id":"node_modules/hexo-theme-fluid/scripts/tags/fold.js","hash":"73e4fd12ce3e47981479391ed354b7d9d3279f70","modified":1706759575000},{"_id":"node_modules/hexo-theme-fluid/scripts/tags/group-image.js","hash":"4aeebb797026f1df25646a5d69f7fde79b1bcd26","modified":1706759575000},{"_id":"node_modules/hexo-theme-fluid/scripts/tags/label.js","hash":"f05a6d32cca79535b22907dc03edb9d3fa2d8176","modified":1706759575000},{"_id":"node_modules/hexo-theme-fluid/scripts/tags/mermaid.js","hash":"75160561e1ef3603b6d2ad2938464ab1cb77fd38","modified":1706759575000},{"_id":"node_modules/hexo-theme-fluid/scripts/utils/resolve.js","hash":"8c4a8b62aa8608f12f1e9046231dff04859dc3e9","modified":1706759575000},{"_id":"node_modules/hexo-theme-fluid/scripts/tags/note.js","hash":"e3b456a079e5dc0032473b516c865b20f83d2c26","modified":1706759575000},{"_id":"node_modules/hexo-theme-fluid/scripts/utils/compare-versions.js","hash":"dbbc928c914fc2bd242cd66aa0c45971aec13a5d","modified":1706759575000},{"_id":"node_modules/hexo-theme-fluid/scripts/utils/object.js","hash":"33b57e4decdc5e75c518859f168c8ba80b2c665b","modified":1706759575000},{"_id":"node_modules/hexo-theme-fluid/scripts/utils/crypto.js","hash":"ae4ad8a188ef5b3fa6818b01629fc962b3de8551","modified":1706759575000},{"_id":"node_modules/hexo-theme-fluid/scripts/helpers/date.js","hash":"9bda6382f61b40a20c24af466fe10c8366ebb74c","modified":1706759575000},{"_id":"node_modules/hexo-theme-fluid/scripts/helpers/engine.js","hash":"d3a231d106795ce99cb0bc77eb65f9ae44515933","modified":1706759575000},{"_id":"node_modules/hexo-theme-fluid/scripts/utils/url-join.js","hash":"718aab5e7b2059a06b093ca738de420d9afa44ba","modified":1706759575000},{"_id":"node_modules/hexo-theme-fluid/scripts/helpers/import.js","hash":"ca53e8dbf7d44cfd372cfa79ac60f35a7d5b0076","modified":1706759575000},{"_id":"node_modules/hexo-theme-fluid/scripts/helpers/export-config.js","hash":"8e67b522c47aa250860e3fe2c733f1f958a506c0","modified":1706759575000},{"_id":"node_modules/hexo-theme-fluid/scripts/helpers/injects.js","hash":"1ad2ae6b11bd8806ee7dd6eb7140d8b54a95d613","modified":1706759575000},{"_id":"node_modules/hexo-theme-fluid/scripts/helpers/page.js","hash":"4607607445233b3029ef20ed5e91de0da0a7f9c5","modified":1706759575000},{"_id":"node_modules/hexo-theme-fluid/scripts/helpers/scope.js","hash":"d41d9d658fcb54964b388598e996747aadb85b0f","modified":1706759575000},{"_id":"node_modules/hexo-theme-fluid/scripts/helpers/url.js","hash":"2a6a8288176d0e0f6ec008056bf2745a86e8943e","modified":1706759575000},{"_id":"node_modules/hexo-theme-fluid/scripts/helpers/utils.js","hash":"966689d7c5e4320008285395fbaa2751f6209be5","modified":1706759575000},{"_id":"node_modules/hexo-theme-fluid/scripts/helpers/wordcount.js","hash":"4d48c424e47ff9a17a563167ea5f480890267adf","modified":1706759575000},{"_id":"node_modules/hexo-theme-fluid/layout/_partials/scripts.ejs","hash":"da5810785105e5075861593c7ac22c7aa9665a72","modified":1706759575000},{"_id":"node_modules/hexo-theme-fluid/source/img/avatar.png","hash":"fe739a158cc128f70f780eb5fa96f388b81d478f","modified":1706759575000},{"_id":"node_modules/hexo-theme-fluid/source/img/fluid.png","hash":"64b215db2cb3af98fe639e94537cb5209f959c78","modified":1706759575000},{"_id":"node_modules/hexo-theme-fluid/source/img/loading.gif","hash":"2d2fc0f947940f98c21afafef39ecf226a2e8d55","modified":1706759575000},{"_id":"node_modules/hexo-theme-fluid/source/img/police_beian.png","hash":"90efded6baa2dde599a9d6b1387973e8e64923ea","modified":1706759575000},{"_id":"node_modules/hexo-theme-fluid/source/css/highlight-dark.styl","hash":"45695ef75c31a4aa57324dd408b7e2327a337018","modified":1706759575000},{"_id":"node_modules/hexo-theme-fluid/source/css/main.styl","hash":"855ae5fe229c51afa57f7645f6997a27a705d7e4","modified":1706759575000},{"_id":"node_modules/hexo-theme-fluid/source/css/highlight.styl","hash":"a9efc52a646a9e585439c768557e3e3c9e3326dc","modified":1706759575000},{"_id":"node_modules/hexo-theme-fluid/source/css/gitalk.css","hash":"a57b3cc8e04a0a4a27aefa07facf5b5e7bca0e76","modified":1706759575000},{"_id":"node_modules/hexo-theme-fluid/source/js/boot.js","hash":"38bd26c6b7acdafda86dda3560e6a3ca488d3c76","modified":1706759575000},{"_id":"node_modules/hexo-theme-fluid/source/xml/local-search.xml","hash":"8c96ba6a064705602ce28d096fd7dd9069630a55","modified":1706759575000},{"_id":"node_modules/hexo-theme-fluid/source/js/img-lazyload.js","hash":"cbdeca434ec4da51f488c821d51b4d23c73294af","modified":1706759575000},{"_id":"node_modules/hexo-theme-fluid/source/js/color-schema.js","hash":"c5939d14065d38c86e16d1642e154dde5a23e830","modified":1706759575000},{"_id":"node_modules/hexo-theme-fluid/source/js/leancloud.js","hash":"eff77c7a5c399fcaefda48884980571e15243fc9","modified":1706759575000},{"_id":"node_modules/hexo-theme-fluid/source/js/utils.js","hash":"b82e7c289a66dfd36064470fd41c0e96fc598b43","modified":1706759575000},{"_id":"node_modules/hexo-theme-fluid/source/js/events.js","hash":"5891534506b959a2f559f29e122baa3eb9159d93","modified":1706759575000},{"_id":"node_modules/hexo-theme-fluid/scripts/events/lib/footnote.js","hash":"c19ac8050b82c3676b0332a56099ccfcc36d9d52","modified":1706759575000},{"_id":"node_modules/hexo-theme-fluid/source/js/local-search.js","hash":"b9945f76f8682f3ec32edfb285b26eb559f7b7e8","modified":1706759575000},{"_id":"node_modules/hexo-theme-fluid/scripts/events/lib/compatible-configs.js","hash":"ef474d1fa5bbafc52619ced0f9dc7eaf2affb363","modified":1706759575000},{"_id":"node_modules/hexo-theme-fluid/scripts/events/lib/hello.js","hash":"bd8376e1cf7892dc2daa58f2f443574be559fdbf","modified":1706759575000},{"_id":"node_modules/hexo-theme-fluid/scripts/events/lib/highlight.js","hash":"a5fe1deccb73b5f578797dbb11038efc15f63ce8","modified":1706759575000},{"_id":"node_modules/hexo-theme-fluid/scripts/events/lib/injects.js","hash":"5ae4b07204683e54b5a1b74e931702bbce2ac23e","modified":1706759575000},{"_id":"node_modules/hexo-theme-fluid/source/js/plugins.js","hash":"c34916291e392a774ff3e85c55badb83e8661297","modified":1706759575000},{"_id":"node_modules/hexo-theme-fluid/scripts/events/lib/lazyload.js","hash":"9ba0d4bc224e22af8a5a48d6ff13e5a0fcfee2a4","modified":1706759575000},{"_id":"node_modules/hexo-theme-fluid/scripts/events/lib/merge-configs.js","hash":"7c944c43b2ece5dd84859bd9d1fe955d13427387","modified":1706759575000},{"_id":"node_modules/hexo-theme-fluid/layout/_partials/footer/statistics.ejs","hash":"454d8dd4c39f9494ebeb03ca0746f5bc122af76a","modified":1706759575000},{"_id":"node_modules/hexo-theme-fluid/layout/_partials/footer/beian.ejs","hash":"4fb9b5dd3f3e41a586d6af44e5069afe7c81fff2","modified":1706759575000},{"_id":"node_modules/hexo-theme-fluid/layout/_partials/header/banner.ejs","hash":"e07757b59e7b89eea213d0e595cb5932f812fd32","modified":1706759575000},{"_id":"node_modules/hexo-theme-fluid/layout/_partials/comments/discuss.ejs","hash":"98d065b58ce06b7d18bff3c974e96fa0f34ae03a","modified":1706759575000},{"_id":"node_modules/hexo-theme-fluid/layout/_partials/header/navigation.ejs","hash":"37d750428772d7c71ba36ce0c2540780d90fadea","modified":1706759575000},{"_id":"node_modules/hexo-theme-fluid/layout/_partials/comments/changyan.ejs","hash":"c9b2d68ed3d375f1953e7007307d2a3f75ed6249","modified":1706759575000},{"_id":"node_modules/hexo-theme-fluid/layout/_partials/comments/cusdis.ejs","hash":"5f9dc012be27040bbe874d0c093c0d53958cc987","modified":1706759575000},{"_id":"node_modules/hexo-theme-fluid/layout/_partials/comments/livere.ejs","hash":"2264758fed57542a7389c7aa9f00f1aefa17eb87","modified":1706759575000},{"_id":"node_modules/hexo-theme-fluid/layout/_partials/comments/gitalk.ejs","hash":"843bc141a4545eb20d1c92fb63c85d459b4271ec","modified":1706759575000},{"_id":"node_modules/hexo-theme-fluid/layout/_partials/comments/disqus.ejs","hash":"aab4a4d24c55231a37db308ae94414319cecdd9b","modified":1706759575000},{"_id":"node_modules/hexo-theme-fluid/layout/_partials/comments/giscus.ejs","hash":"95f8b866b158eff9352c381c243b332a155a5110","modified":1706759575000},{"_id":"node_modules/hexo-theme-fluid/layout/_partials/comments/remark42.ejs","hash":"d4e9532feeb02aed61bd15eda536b5b631454dac","modified":1706759575000},{"_id":"node_modules/hexo-theme-fluid/layout/_partials/comments/twikoo.ejs","hash":"d84bcb5ccd78470a60c067fc914ac0ac67ac8777","modified":1706759575000},{"_id":"node_modules/hexo-theme-fluid/layout/_partials/comments/utterances.ejs","hash":"c7ccf7f28308334a6da6f5425b141a24b5eca0e2","modified":1706759575000},{"_id":"node_modules/hexo-theme-fluid/layout/_partials/comments/waline.ejs","hash":"12727da7cf3ac83443270f550be4d1c06135b52b","modified":1706759575000},{"_id":"node_modules/hexo-theme-fluid/layout/_partials/comments/valine.ejs","hash":"19ba937553dddd317f827d682661a1066a7b1f30","modified":1706759575000},{"_id":"node_modules/hexo-theme-fluid/layout/_partials/plugins/code-widget.ejs","hash":"3a505cba37942badf62a56bbb8b605b72af330aa","modified":1706759575000},{"_id":"node_modules/hexo-theme-fluid/layout/_partials/plugins/encrypt.ejs","hash":"0fff24cf5bf99fbe5c56c292e2eac4a89bf29db4","modified":1706759575000},{"_id":"node_modules/hexo-theme-fluid/layout/_partials/plugins/analytics.ejs","hash":"4f68c80bd1395e2f6d11e373116e54de11cb62e8","modified":1706759575000},{"_id":"node_modules/hexo-theme-fluid/layout/_partials/plugins/fancybox.ejs","hash":"9d1ea2a46b8c8ad8c168594d578f40764818ef13","modified":1706759575000},{"_id":"node_modules/hexo-theme-fluid/layout/_partials/plugins/highlight.ejs","hash":"7529dd215b09d3557804333942377b9e20fa554e","modified":1706759575000},{"_id":"node_modules/hexo-theme-fluid/layout/_partials/plugins/anchorjs.ejs","hash":"40181442d3a2b8734783a0ad7caf2d2522e3f2ab","modified":1706759575000},{"_id":"node_modules/hexo-theme-fluid/layout/_partials/plugins/mermaid.ejs","hash":"03ac02762f801970d1c4e73d6ec8d4c503780e50","modified":1706759575000},{"_id":"node_modules/hexo-theme-fluid/layout/_partials/plugins/nprogress.ejs","hash":"4c2d39ce816b8a6dcd6b53113c8695f8bd650a23","modified":1706759575000},{"_id":"node_modules/hexo-theme-fluid/layout/_partials/post/meta-bottom.ejs","hash":"375974ec017696e294dc12469fb0ae257800dc2d","modified":1706759575000},{"_id":"node_modules/hexo-theme-fluid/layout/_partials/plugins/moment.ejs","hash":"4ff3fb1b60ccc95a0af3bbdbd0757fedefc088b5","modified":1706759575000},{"_id":"node_modules/hexo-theme-fluid/layout/_partials/plugins/math.ejs","hash":"dcbf9a381ee76f2f1f75fcbc22c50a502ec85023","modified":1706759575000},{"_id":"node_modules/hexo-theme-fluid/layout/_partials/plugins/typed.ejs","hash":"f345374885cd6a334f09a11f59c443b5d577c06c","modified":1706759575000},{"_id":"node_modules/hexo-theme-fluid/layout/_partials/post/sidebar-left.ejs","hash":"9992c99b3eb728ad195970e1b84d665f2c8691c4","modified":1706759575000},{"_id":"node_modules/hexo-theme-fluid/layout/_partials/post/category-bar.ejs","hash":"8772bce97ed297e7a88523f4e939ed6436c22f87","modified":1706759575000},{"_id":"node_modules/hexo-theme-fluid/layout/_partials/post/sidebar-right.ejs","hash":"d5fcc9b60e02f869a29a8c17a16a6028ecc1e6d8","modified":1706759575000},{"_id":"node_modules/hexo-theme-fluid/source/css/_functions/base.styl","hash":"2e46f3f4e2c9fe34c1ff1c598738fc7349ae8188","modified":1706759575000},{"_id":"node_modules/hexo-theme-fluid/layout/_partials/post/meta-top.ejs","hash":"ce6e9f578f4faa45840abddf8f46af3f4b69c177","modified":1706759575000},{"_id":"node_modules/hexo-theme-fluid/source/css/_pages/pages.styl","hash":"b8e887bc7fb3b765a1f8ec9448eff8603a41984f","modified":1706759575000},{"_id":"node_modules/hexo-theme-fluid/source/css/_mixins/base.styl","hash":"542e306ee9494e8a78e44d6d7d409605d94caeb3","modified":1706759575000},{"_id":"node_modules/hexo-theme-fluid/layout/_partials/post/toc.ejs","hash":"635a89060fbf72eeda066fc4bd0a97462f069417","modified":1706759575000},{"_id":"node_modules/hexo-theme-fluid/source/css/_pages/_about/about.styl","hash":"97fe42516ea531fdad771489b68aa8b2a7f6ae46","modified":1706759575000},{"_id":"node_modules/hexo-theme-fluid/source/css/_variables/base.styl","hash":"4ed5f0ae105ef4c7dd92eaf652ceda176c38e502","modified":1706759575000},{"_id":"node_modules/hexo-theme-fluid/layout/_partials/post/copyright.ejs","hash":"529f3069742b3d338c769ba2d836e7f3c342a09d","modified":1706759575000},{"_id":"node_modules/hexo-theme-fluid/source/css/_pages/_archive/archive.styl","hash":"c475e6681546d30350eaed11f23081ecae80c375","modified":1706759575000},{"_id":"node_modules/hexo-theme-fluid/source/css/_pages/_base/keyframes.styl","hash":"94065ea50f5bef7566d184f2422f6ac20866ba22","modified":1706759575000},{"_id":"node_modules/hexo-theme-fluid/source/css/_pages/_base/base.styl","hash":"643284c567665f96915f0b64e59934dda315f74d","modified":1706759575000},{"_id":"node_modules/hexo-theme-fluid/source/css/_pages/_base/color-schema.styl","hash":"85492ef64d7e5f70f0f7e46d570bbc911e686d7e","modified":1706759575000},{"_id":"node_modules/hexo-theme-fluid/source/css/_pages/_base/inline.styl","hash":"411a3fa3f924a87e00ff04d18b5c83283b049a4d","modified":1706759575000},{"_id":"node_modules/hexo-theme-fluid/source/css/_pages/_category/category-chain.styl","hash":"0cdf7ef50dfd0669d3b257821384ff31cd81b7c9","modified":1706759575000},{"_id":"node_modules/hexo-theme-fluid/source/css/_pages/_base/print.styl","hash":"166afbc596ea4b552bad7290ec372d25ec34db7b","modified":1706759575000},{"_id":"node_modules/hexo-theme-fluid/source/css/_pages/_index/index.styl","hash":"25fb6fa4c783b847c632584c49a7e1593cdb2f5d","modified":1706759575000},{"_id":"node_modules/hexo-theme-fluid/source/css/_pages/_links/links.styl","hash":"5c7f2044e3f1da05a3229537c06bd879836f8d6e","modified":1706759575000},{"_id":"node_modules/hexo-theme-fluid/source/css/_pages/_post/comment.styl","hash":"780f3788e7357bcd3f3262d781cb91bb53976a93","modified":1706759575000},{"_id":"node_modules/hexo-theme-fluid/source/css/_pages/_category/category-list.styl","hash":"7edfe1b571ecca7d08f5f4dbcf76f4ffdcfbf0b5","modified":1706759575000},{"_id":"node_modules/hexo-theme-fluid/source/css/_pages/_post/highlight.styl","hash":"4df764d298fe556e501db4afc2b05686fe6ebcfb","modified":1706759575000},{"_id":"node_modules/hexo-theme-fluid/source/css/_pages/_category/category-bar.styl","hash":"cc6df43fef6bb3efecbfdd8b9e467424a1dea581","modified":1706759575000},{"_id":"node_modules/hexo-theme-fluid/source/css/_pages/_post/markdown.styl","hash":"1e3d3a82721e7c10bcfcecec6d81cf2979039452","modified":1706759575000},{"_id":"node_modules/hexo-theme-fluid/source/css/_pages/_post/post-page.styl","hash":"cd432a6411ccac7df47e6a300fb1a872cfc763e7","modified":1706759575000},{"_id":"node_modules/hexo-theme-fluid/source/css/_pages/_post/post-tag.styl","hash":"c96d36aa8fe20f0c3c1a29ee2473cd8064b10f73","modified":1706759575000},{"_id":"node_modules/hexo-theme-fluid/source/css/_pages/_tag/tags.styl","hash":"65bfc01c76abc927fa1a23bf2422892b0d566c3f","modified":1706759575000},{"_id":"node_modules/hexo-theme-fluid/source/css/_pages/_base/_widget/board.styl","hash":"4397037fc3f0033dbe546c33cd9dbdabd8cb1632","modified":1706759575000},{"_id":"node_modules/hexo-theme-fluid/source/css/_pages/_base/_widget/anchorjs.styl","hash":"e0cebda4a6f499aff75e71417d88caa7ceb13b94","modified":1706759575000},{"_id":"node_modules/hexo-theme-fluid/source/css/_pages/_base/_widget/footnote.styl","hash":"ae9289cc89649af2042907f8a003303b987f3404","modified":1706759575000},{"_id":"node_modules/hexo-theme-fluid/source/css/_pages/_base/_widget/banner.styl","hash":"7a0bd629bc234fc75e3cc8e3715ffada92f09e73","modified":1706759575000},{"_id":"node_modules/hexo-theme-fluid/source/css/_pages/_base/_widget/code-widget.styl","hash":"b66ab013f0f37d724a149b85b3c7432afcf460ad","modified":1706759575000},{"_id":"node_modules/hexo-theme-fluid/source/css/_pages/_base/_widget/footer.styl","hash":"2caaca71dd1ff63d583099ed817677dd267b457e","modified":1706759575000},{"_id":"node_modules/hexo-theme-fluid/source/css/_pages/_base/_widget/ngrogress.styl","hash":"5d225357b4a58d46118e6616377168336ed44cb2","modified":1706759575000},{"_id":"node_modules/hexo-theme-fluid/source/css/_pages/_base/_widget/header.styl","hash":"c4459248c66ea1326feed021179b847ae91d465f","modified":1706759575000},{"_id":"node_modules/hexo-theme-fluid/source/css/_pages/_base/_widget/noscript.styl","hash":"0cf2f2bb44f456150d428016675d5876a9d2e2aa","modified":1706759575000},{"_id":"node_modules/hexo-theme-fluid/source/css/_pages/_base/_widget/pagination.styl","hash":"8bb1b68e5f3552cb48c2ffa31edbc53646a8fb4c","modified":1706759575000},{"_id":"node_modules/hexo-theme-fluid/source/css/_pages/_base/_widget/qrcode.styl","hash":"78704a94c0436097abfb0e0a57abeb3429c749b7","modified":1706759575000},{"_id":"node_modules/hexo-theme-fluid/source/css/_pages/_base/_widget/modal.styl","hash":"adf6c1e5c8e1fb41c77ce6e2258001df61245aa2","modified":1706759575000},{"_id":"node_modules/hexo-theme-fluid/source/css/_pages/_base/_widget/search.styl","hash":"10f7e91a91e681fb9fe46f9df7707b9ef78707c8","modified":1706759575000},{"_id":"node_modules/hexo-theme-fluid/source/css/_pages/_base/_widget/toc.styl","hash":"9e7452aa2372153f25d7a4675c9d36d281a65d24","modified":1706759575000},{"_id":"node_modules/hexo-theme-fluid/source/css/_pages/_base/_widget/copyright.styl","hash":"26f71a9cd60d96bb0cb5bbdf58150b8e524d9707","modified":1706759575000},{"_id":"source/img/banner/c_program.jpg","hash":"a1ded06eb5dbf0306dc5277f0f7f1c094e07166a","modified":1707125257000},{"_id":"node_modules/hexo-theme-fluid/source/css/_pages/_base/_widget/scroll-btn.styl","hash":"f0e429a27fa8a7658fcbddbb4d4dbe4afa12499a","modified":1706759575000},{"_id":"source/_posts/frp内网穿透-使用记录/114f2d6e1fe7bfce68d305524913e43c_MD5.jpeg","hash":"d28ca60005311f2dc12e6ede59380edd1057516b","modified":1711518313162},{"_id":"source/_posts/frp内网穿透-使用记录/3c199aac7cbfd9da40b7b055fc837520_MD5.jpeg","hash":"0b6062f7bf1f689b9c1a4e0353928fc18355f552","modified":1711518313168},{"_id":"source/_posts/frp内网穿透-使用记录/38e6254556ea3130f974c07fc9701bbe_MD5.jpeg","hash":"2cddf13f9a849b8b128564d60d5df6847ffa869a","modified":1711518313165},{"_id":"source/_posts/frp内网穿透-使用记录/833eaec4fe82ab68b6b75e32e30e49ea_MD5.jpeg","hash":"1c7553e946e081b3c9772d0f5a19cfba76857087","modified":1711518313173},{"_id":"source/img/bg/f.jpg","hash":"eee08abaaef553d34f8fdf5f4f4ab69a20fd3743","modified":1706761257000},{"_id":"source/img/bg/e.jpg","hash":"1b42d1c886554e9964010a3bdf7b35c40a2c1874","modified":1706761255000},{"_id":"source/_posts/.obsidian/plugins/easy-typing-obsidian/main.js","hash":"eb270d8147ea370a4634e3d3d541f0d08f988816","modified":1701865143000},{"_id":"source/img/bg/d.jpg","hash":"c028bb233c8c810bfe521d9782a9b32fd494a563","modified":1706761255000},{"_id":"source/img/bg/c.jpg","hash":"142608464b8467626f58038ecd54aff3facaee8e","modified":1706761256000},{"_id":"node_modules/hexo-theme-fluid/source/img/default.png","hash":"167a12978d80371cf578c8a2e45c24a2eb25b6fb","modified":1706759575000},{"_id":"source/img/bg/b.jpg","hash":"02201ddc55572d36e9407fa09f8f21905f715433","modified":1706761257000},{"_id":"source/img/bg/a.jpg","hash":"aaae85d1451de1c3125b5f4e27d76d586042070c","modified":1706761258000},{"_id":"node_modules/hexo-theme-fluid/source/img/phot.png","hash":"f84ef87c6ec49ca5c73b4e4216dc367dc894210e","modified":1710327451000},{"_id":"source/_posts/.obsidian/plugins/obsidian-local-images-plus/main.js","hash":"1afa2b3de8fbc0c7d889161026f649b53d97b836","modified":1701865143000},{"_id":"public/post-sitemap.xml","hash":"83e80428d71e864a11b3bd581142d3af62c5f978","modified":1711536915595},{"_id":"public/page-sitemap.xml","hash":"234e673a51ac30eaed2f887e05eaf85d59ef6505","modified":1711536915595},{"_id":"public/sitemap.xsl","hash":"9f9463acd57c62d57a3dfb68d0f785c81c956e08","modified":1711536915595},{"_id":"public/local-search.xml","hash":"eed3fe042bbceb8bfe097b310d0c01dac59d047b","modified":1711536915595},{"_id":"public/seo_sitemap.xml","hash":"6d095944e9c991f9ab4d057a1f290fdef415d809","modified":1711536915595},{"_id":"public/about/index.html","hash":"91bf52b40a049b0c94f0da666e2e432451974517","modified":1711536915595},{"_id":"public/archives/index.html","hash":"8a114f8525c99facb913fe5b288a524c9f294e2a","modified":1711536915595},{"_id":"public/archives/2024/index.html","hash":"787e316378ba1cbd9ad3dd86da9006ee1117f09f","modified":1711536915595},{"_id":"public/archives/2024/02/index.html","hash":"04ca0222f877c1d9e66d251575128179562ac6d5","modified":1711536915595},{"_id":"public/posts/ce9bc550/index.html","hash":"636065caf87845ae1a6b9a7b3ce8ffabcf119bb2","modified":1711536915595},{"_id":"public/posts/75cc0c49/index.html","hash":"d5a068666ebfcebbc6a7c90442f267f2f509d1fb","modified":1711536915595},{"_id":"public/index.html","hash":"b82135e1dc4b00db90e46c3b7a931937e32c59b2","modified":1711536915595},{"_id":"public/categories/DIY/index.html","hash":"45794b3f79a9a7c75a1f1f7370751b224b42d7e2","modified":1711536915595},{"_id":"public/categories/gcc修炼手册/index.html","hash":"98fbbc0a8932ba3c2ca4136b777ad5a332891074","modified":1711536915595},{"_id":"public/tags/frp/index.html","hash":"0418dca8569bdd12ed6850f83f460ffc1a8b98fd","modified":1711536915595},{"_id":"public/tags/内网穿透/index.html","hash":"8453cf4f310547ff35fd0b274ecc15eccee97fe1","modified":1711536915595},{"_id":"public/tags/ssh/index.html","hash":"c0d8818285f0f3ba6b2b5ebf00d3bc47efa5bbb4","modified":1711536915595},{"_id":"public/tags/systemd/index.html","hash":"24af993af1080ac6a90f06c720cc78574ef1dc24","modified":1711536915595},{"_id":"public/tags/GNU/index.html","hash":"fc0649b46e5558dc317209f5864a516231ca12f4","modified":1711536915595},{"_id":"public/404.html","hash":"4cbcf878e06baa28bf1685cdae1949d2c799963f","modified":1711536915595},{"_id":"public/tags/GCC/index.html","hash":"8ae860ab8dd8142b08814d8f91317cd6c5bb0433","modified":1711536915595},{"_id":"public/tags/C/index.html","hash":"3ed2190799679c128e1c875218d191ba3cce5d66","modified":1711536915595},{"_id":"public/tags/index.html","hash":"a87b517204bba8892634513c18f4ee5766e7aa7b","modified":1711536915595},{"_id":"public/categories/index.html","hash":"54f4264eaf41313a2a63e80ee5af67e0a2b011cf","modified":1711536915595},{"_id":"public/links/index.html","hash":"eba3df979707d96731a06e560588607a7aa0c820","modified":1711536915595},{"_id":"public/robots.txt","hash":"8d4d478917ec2d371e942ff5eb92e2e1004bea32","modified":1711536915595},{"_id":"public/img/avatar.png","hash":"fe739a158cc128f70f780eb5fa96f388b81d478f","modified":1711536915595},{"_id":"public/img/loading.gif","hash":"2d2fc0f947940f98c21afafef39ecf226a2e8d55","modified":1711536915595},{"_id":"public/img/police_beian.png","hash":"90efded6baa2dde599a9d6b1387973e8e64923ea","modified":1711536915595},{"_id":"public/img/index/frp_index.png","hash":"cef2b10bc95d47c2b9903594e071aa0a4e583ffc","modified":1711536915595},{"_id":"public/img/index/linux_shell.jpg","hash":"03af68fcc5acf0ba4e17b69d4b573294ef2c2be2","modified":1711536915595},{"_id":"public/img/fluid.png","hash":"64b215db2cb3af98fe639e94537cb5209f959c78","modified":1711536915595},{"_id":"public/img/icon/chrome.png","hash":"a1c851aea54ba8c88365493b0d6adcf99583816c","modified":1711536915595},{"_id":"public/img/icon/apple.png","hash":"1102ad20cc0580cda5abe7a92a8c2d510a029abe","modified":1711536915595},{"_id":"public/posts/75cc0c49/36ec4a0fd428863e0efeee2536b28cde_MD5.jpeg","hash":"9c6a8545e5416b80f1c3a1dadc57ecf4171eb222","modified":1711536915595},{"_id":"public/xml/local-search.xml","hash":"8c96ba6a064705602ce28d096fd7dd9069630a55","modified":1711536915595},{"_id":"public/posts/75cc0c49/cb48e711cc8de269bbc0f3592df21c0a_MD5.jpeg","hash":"cb1000c5d2fd592e7e8a51d0f01b1303383bfeed","modified":1711536915595},{"_id":"public/posts/75cc0c49/afd713590a8abd299f012d8d7932c42d_MD5.jpeg","hash":"70f82ff674d955fe48f813f73adfa58a9a078c76","modified":1711536915595},{"_id":"public/posts/75cc0c49/b53fa024875ecaa01d19bbf7c1ed6e0e_MD5.jpeg","hash":"2c3090524a02981e45fddde51319f383ab97776d","modified":1711536915595},{"_id":"public/posts/ce9bc550/fc81ec4f3b390a718d9f921c56e31774_MD5.jpeg","hash":"6031945cf110c437c1aa42ae71eae5521471a4e6","modified":1711536915595},{"_id":"public/posts/ce9bc550/8af5eedd71c05782187f5b0b01ad29ca_MD5.jpeg","hash":"a7fd34e0ad9becff7e9efd9e0c1208ef73dc1461","modified":1711536915595},{"_id":"public/img/index/gnu_gcc.png","hash":"b07a4976287604a8a9065622450e4bd951c9d3f8","modified":1711536915595},{"_id":"public/posts/75cc0c49/35b5acb29b8ff252d159c3106436a010_MD5.jpeg","hash":"f709e0073c47f732193d97e2cd95383a298bd96a","modified":1711536915595},{"_id":"public/posts/75cc0c49/6ab1a7e48358d10033cd8c100bee4dbb_MD5.jpeg","hash":"a98808a9e238350d8833a7264222d23dcaa1ed4b","modified":1711536915595},{"_id":"public/posts/75cc0c49/fc984d1f1c751c24e90b6b1c29fb4b93_MD5.jpeg","hash":"9ac0601d043568c286f4949f99aef02f5fb168d1","modified":1711536915595},{"_id":"public/css/gitalk.css","hash":"a57b3cc8e04a0a4a27aefa07facf5b5e7bca0e76","modified":1711536915595},{"_id":"public/google5de73cf11e8781b2.html","hash":"beba4f5abe2c8c9af89129020f21b0f54f73b3d2","modified":1711536915595},{"_id":"public/css/highlight-dark.css","hash":"902294bada4323c0f51502d67cba8c3a0298952f","modified":1711536915595},{"_id":"public/js/boot.js","hash":"38bd26c6b7acdafda86dda3560e6a3ca488d3c76","modified":1711536915595},{"_id":"public/js/color-schema.js","hash":"c5939d14065d38c86e16d1642e154dde5a23e830","modified":1711536915595},{"_id":"public/js/events.js","hash":"5891534506b959a2f559f29e122baa3eb9159d93","modified":1711536915595},{"_id":"public/css/highlight.css","hash":"04d4ddbb5e1d1007447c2fe293ee05aae9b9563e","modified":1711536915595},{"_id":"public/js/leancloud.js","hash":"eff77c7a5c399fcaefda48884980571e15243fc9","modified":1711536915595},{"_id":"public/js/img-lazyload.js","hash":"cbdeca434ec4da51f488c821d51b4d23c73294af","modified":1711536915595},{"_id":"public/js/local-search.js","hash":"b9945f76f8682f3ec32edfb285b26eb559f7b7e8","modified":1711536915595},{"_id":"public/js/plugins.js","hash":"c34916291e392a774ff3e85c55badb83e8661297","modified":1711536915595},{"_id":"public/js/utils.js","hash":"b82e7c289a66dfd36064470fd41c0e96fc598b43","modified":1711536915595},{"_id":"public/css/main.css","hash":"dcea6f60ff75611673b2dbfe04b3bd6e90aa4c3a","modified":1711536915595},{"_id":"public/posts/75cc0c49/5ee686c92f4042c799cc21d7b58e6761_MD5.jpeg","hash":"af228f6986aa1bbfcf1b5dbd429211ad3d0c3465","modified":1711536915595},{"_id":"public/img/banner/frp_banner.png","hash":"a3e6a288c743f13f2337c7f9e4e82913ebc585be","modified":1711536915595},{"_id":"public/img/banner/c_program.jpg","hash":"a1ded06eb5dbf0306dc5277f0f7f1c094e07166a","modified":1711536915595},{"_id":"public/img/bg/f.jpg","hash":"eee08abaaef553d34f8fdf5f4f4ab69a20fd3743","modified":1711536915595},{"_id":"public/img/bg/e.jpg","hash":"1b42d1c886554e9964010a3bdf7b35c40a2c1874","modified":1711536915595},{"_id":"public/posts/75cc0c49/38e6254556ea3130f974c07fc9701bbe_MD5.jpeg","hash":"2cddf13f9a849b8b128564d60d5df6847ffa869a","modified":1711536915595},{"_id":"public/posts/75cc0c49/114f2d6e1fe7bfce68d305524913e43c_MD5.jpeg","hash":"d28ca60005311f2dc12e6ede59380edd1057516b","modified":1711536915595},{"_id":"public/posts/75cc0c49/3c199aac7cbfd9da40b7b055fc837520_MD5.jpeg","hash":"0b6062f7bf1f689b9c1a4e0353928fc18355f552","modified":1711536915595},{"_id":"public/posts/75cc0c49/833eaec4fe82ab68b6b75e32e30e49ea_MD5.jpeg","hash":"1c7553e946e081b3c9772d0f5a19cfba76857087","modified":1711536915595},{"_id":"public/img/default.png","hash":"167a12978d80371cf578c8a2e45c24a2eb25b6fb","modified":1711536915595},{"_id":"public/img/bg/d.jpg","hash":"c028bb233c8c810bfe521d9782a9b32fd494a563","modified":1711536915595},{"_id":"public/img/bg/c.jpg","hash":"142608464b8467626f58038ecd54aff3facaee8e","modified":1711536915595},{"_id":"public/img/bg/b.jpg","hash":"02201ddc55572d36e9407fa09f8f21905f715433","modified":1711536915595},{"_id":"public/img/bg/a.jpg","hash":"aaae85d1451de1c3125b5f4e27d76d586042070c","modified":1711536915595},{"_id":"public/img/phot.png","hash":"f84ef87c6ec49ca5c73b4e4216dc367dc894210e","modified":1711536915595}],"Category":[{"name":"DIY","_id":"clu9ow0dy00034cnl83pifi9j"},{"name":"gcc修炼手册","_id":"clu9ow0dz00054cnlauf65gkg"}],"Data":[],"Page":[{"title":"about","layout":"about","_content":"    计算机专业，从事嵌入式行业。\n","source":"about/index.md","raw":"---\ntitle: about\nlayout: about\n---\n    计算机专业，从事嵌入式行业。\n","date":"2024-03-27T05:53:32.658Z","updated":"2024-03-13T10:21:38.000Z","path":"about/index.html","comments":1,"_id":"clu9ow0dr00004cnlgmdo5mb4","content":"<pre><code class=\"hljs\">计算机专业，从事嵌入式行业。\n</code></pre>\n","excerpt":"","more":"<pre><code>计算机专业，从事嵌入式行业。\n</code></pre>\n"}],"Post":[{"title":"frp内网穿透--使用记录","index_img":"/img/index/frp_index.png","banner_img":"/img/banner/frp_banner.png","abbrlink":"75cc0c49","date":"2024-02-01T05:56:42.000Z","updated":"2024-02-01T06:11:02.000Z","_content":"\n> 使用内网穿透进行远程 ssh 访问\n\n如果A、B电脑不在同一局域网的情况下，并且都没有公网IP，A、B之间要想访问就需要内网穿透了\n\n一种方案是购买服务商提供的内网穿透工具，如 cpolar：\n\n![](3c199aac7cbfd9da40b7b055fc837520_MD5.jpeg)\n\n固定端口号套餐149/年，不用折腾。\n\n另一种方案是购买一个有公网 IP 的服务器做“桥梁”，但是最低配的轻量应用服务器价格都在一百左右，不是特别划算。最近年底腾讯云和阿里云活动，入门的轻量应用服务器价格60几块，果断入手~~~\n\n![](114f2d6e1fe7bfce68d305524913e43c_MD5.jpeg)\n\n## 1. 事先准备\n\n- 具有公网 IP 的服务器(ubuntu) —— 👌\n- 发起访问的电脑(windows) —— 👌\n- 被访问的电脑(Ubuntu) —— 👌\n\n## 2. 下载 frp\n\nfrp GitHub 项目地址： https://github.com/fatedier/frp\n\n![](833eaec4fe82ab68b6b75e32e30e49ea_MD5.jpeg)\n\n分别针对 `具有公网IP的服务器` 和 `被访问的电脑` 下载相应的 frp 系统版本。我这里的两个主机都是 Ubuntu 系统，所以下载 `frp_0.53.2_linux_amd64.tar.gz` 到两个主机上，*注意：每个主机上都有一个相同版本的 `frp_0.53.2_linux_amd64.tar.gz`。*\n\n解压后，对于 `具有公网IP的服务器` 使用的是 frps (frp server)：\n\n![](5ee686c92f4042c799cc21d7b58e6761_MD5.jpeg)\n\n对于 `被访问的电脑` 使用的是 frpc (frp client)：\n\n![](6ab1a7e48358d10033cd8c100bee4dbb_MD5.jpeg)\n\n## 3. 修改 frp 配置文件\n\n### 3.1 `具有公网IP的服务器` 的 `frps.toml`\n\n![](afd713590a8abd299f012d8d7932c42d_MD5.jpeg)\n\n默认的就行~\n\n### 3.2 `被访问的电脑` 的 `frpc.toml`\n\n![](b53fa024875ecaa01d19bbf7c1ed6e0e_MD5.jpeg)\n\n- `serverAddr`：修改为 `具有公网IP的服务器` 的 IP\n- `name`：随意填\n- `type`：ssh 访问填 **tcp** \n- `remotePort`：默认的 6000 就行\n\n![](cb48e711cc8de269bbc0f3592df21c0a_MD5.jpeg)\n\n## 4. 设置开机自启\n\n使用 `frps -c frps.toml`、`frpc -c frpc.toml` 来运行 frp 服务。但是每次开机后都要在两台主机上分别运行 frp 服务，比较麻烦。使用 systemd 来实现 frp 服务的开机自启。\n\n分别在 `具有公网IP的服务器` 和 `被访问的电脑` 的主机上使用 systemd 配置各自的 frp 开机自启服务。\n\n### 4.1 `具有公网IP的服务器` 的 `frps.service`\n\n`sudo vim /etc/systemd/system/frps.service`\n\n```txt\n[Unit]\nDescription=frp server\nAfter=network.target network-online.target syslog.target\nWants=network.target \n\n[Service]\nType=simple\nRestart=on-failure\nRestartSec=5s\nExecStart=/你的路径/frps -c /你的路径/frps.toml\n\n[Install]\nWantedBy=multi-user.target\n```\n\n>只需要针对你的路径修改 \\[Service\\] 下的 `ExecStart`，其余的不用修改\n\n![](fc984d1f1c751c24e90b6b1c29fb4b93_MD5.jpeg)\n\n然后运行 `sudo systemctl daemon-reload` 和 `sudo systemctl enable --now frps.service` 以启用 frps 开机自启。\n\n### 4.2 `被访问的电脑` 的 `frpc.service`\n\n`sudo vim /etc/systemd/system/frpc.service`\n\n```txt\n[Unit]\nDescription=frp client \nAfter=network.target network-online.target syslog.target\nWants=network.target \n\n[Service]\nType=simple\nRestart=on-failure\nRestartSec=5s\nExecStart=/你的路径/frpc -c /你的路径/frpc.toml\n\n[Install]\nWantedBy=multi-user.target\n```\n\n>只需要针对你的路径修改 \\[Service\\] 下的 `ExecStart`\n\n![](35b5acb29b8ff252d159c3106436a010_MD5.jpeg)\n\n然后运行 `sudo systemctl daemon-reload` 和 `sudo systemctl enable --now frpc.service` 以启用 frpc 开机自启。\n\n## 5. 添加端口规则\n\n需要在 `具有公网IP的服务器` 的控制台防火墙里放行 6000、7000 端口：\n\n![](38e6254556ea3130f974c07fc9701bbe_MD5.jpeg)\n\n## 6. 登录使用\n\n在 `发起访问的电脑` 端远程 ssh 访问 `被访问的电脑` 端。\n\n在 `发起访问的电脑` 端使用 ssh 工具登录 `具有公网IP的服务器` 。**注意：登录地址是你购买的服务器的 IP，用户名是 `被访问的电脑` 端的用户名，密码是 `被访问的电脑` 端的密码，端口是 `6000` 。**\n\n例如：\n\n![](36ec4a0fd428863e0efeee2536b28cde_MD5.jpeg)\n","source":"_posts/frp内网穿透-使用记录.md","raw":"---\ntitle: frp内网穿透--使用记录\nindex_img: /img/index/frp_index.png\nbanner_img: /img/banner/frp_banner.png\ntags:\n  - frp\n  - 内网穿透\n  - ssh\n  - systemd\ncategories:\n  - DIY\nabbrlink: 75cc0c49\ndate: 2024-02-01 13:56:42\nupdated: 2024-02-01 14:11:02\n---\n\n> 使用内网穿透进行远程 ssh 访问\n\n如果A、B电脑不在同一局域网的情况下，并且都没有公网IP，A、B之间要想访问就需要内网穿透了\n\n一种方案是购买服务商提供的内网穿透工具，如 cpolar：\n\n![](3c199aac7cbfd9da40b7b055fc837520_MD5.jpeg)\n\n固定端口号套餐149/年，不用折腾。\n\n另一种方案是购买一个有公网 IP 的服务器做“桥梁”，但是最低配的轻量应用服务器价格都在一百左右，不是特别划算。最近年底腾讯云和阿里云活动，入门的轻量应用服务器价格60几块，果断入手~~~\n\n![](114f2d6e1fe7bfce68d305524913e43c_MD5.jpeg)\n\n## 1. 事先准备\n\n- 具有公网 IP 的服务器(ubuntu) —— 👌\n- 发起访问的电脑(windows) —— 👌\n- 被访问的电脑(Ubuntu) —— 👌\n\n## 2. 下载 frp\n\nfrp GitHub 项目地址： https://github.com/fatedier/frp\n\n![](833eaec4fe82ab68b6b75e32e30e49ea_MD5.jpeg)\n\n分别针对 `具有公网IP的服务器` 和 `被访问的电脑` 下载相应的 frp 系统版本。我这里的两个主机都是 Ubuntu 系统，所以下载 `frp_0.53.2_linux_amd64.tar.gz` 到两个主机上，*注意：每个主机上都有一个相同版本的 `frp_0.53.2_linux_amd64.tar.gz`。*\n\n解压后，对于 `具有公网IP的服务器` 使用的是 frps (frp server)：\n\n![](5ee686c92f4042c799cc21d7b58e6761_MD5.jpeg)\n\n对于 `被访问的电脑` 使用的是 frpc (frp client)：\n\n![](6ab1a7e48358d10033cd8c100bee4dbb_MD5.jpeg)\n\n## 3. 修改 frp 配置文件\n\n### 3.1 `具有公网IP的服务器` 的 `frps.toml`\n\n![](afd713590a8abd299f012d8d7932c42d_MD5.jpeg)\n\n默认的就行~\n\n### 3.2 `被访问的电脑` 的 `frpc.toml`\n\n![](b53fa024875ecaa01d19bbf7c1ed6e0e_MD5.jpeg)\n\n- `serverAddr`：修改为 `具有公网IP的服务器` 的 IP\n- `name`：随意填\n- `type`：ssh 访问填 **tcp** \n- `remotePort`：默认的 6000 就行\n\n![](cb48e711cc8de269bbc0f3592df21c0a_MD5.jpeg)\n\n## 4. 设置开机自启\n\n使用 `frps -c frps.toml`、`frpc -c frpc.toml` 来运行 frp 服务。但是每次开机后都要在两台主机上分别运行 frp 服务，比较麻烦。使用 systemd 来实现 frp 服务的开机自启。\n\n分别在 `具有公网IP的服务器` 和 `被访问的电脑` 的主机上使用 systemd 配置各自的 frp 开机自启服务。\n\n### 4.1 `具有公网IP的服务器` 的 `frps.service`\n\n`sudo vim /etc/systemd/system/frps.service`\n\n```txt\n[Unit]\nDescription=frp server\nAfter=network.target network-online.target syslog.target\nWants=network.target \n\n[Service]\nType=simple\nRestart=on-failure\nRestartSec=5s\nExecStart=/你的路径/frps -c /你的路径/frps.toml\n\n[Install]\nWantedBy=multi-user.target\n```\n\n>只需要针对你的路径修改 \\[Service\\] 下的 `ExecStart`，其余的不用修改\n\n![](fc984d1f1c751c24e90b6b1c29fb4b93_MD5.jpeg)\n\n然后运行 `sudo systemctl daemon-reload` 和 `sudo systemctl enable --now frps.service` 以启用 frps 开机自启。\n\n### 4.2 `被访问的电脑` 的 `frpc.service`\n\n`sudo vim /etc/systemd/system/frpc.service`\n\n```txt\n[Unit]\nDescription=frp client \nAfter=network.target network-online.target syslog.target\nWants=network.target \n\n[Service]\nType=simple\nRestart=on-failure\nRestartSec=5s\nExecStart=/你的路径/frpc -c /你的路径/frpc.toml\n\n[Install]\nWantedBy=multi-user.target\n```\n\n>只需要针对你的路径修改 \\[Service\\] 下的 `ExecStart`\n\n![](35b5acb29b8ff252d159c3106436a010_MD5.jpeg)\n\n然后运行 `sudo systemctl daemon-reload` 和 `sudo systemctl enable --now frpc.service` 以启用 frpc 开机自启。\n\n## 5. 添加端口规则\n\n需要在 `具有公网IP的服务器` 的控制台防火墙里放行 6000、7000 端口：\n\n![](38e6254556ea3130f974c07fc9701bbe_MD5.jpeg)\n\n## 6. 登录使用\n\n在 `发起访问的电脑` 端远程 ssh 访问 `被访问的电脑` 端。\n\n在 `发起访问的电脑` 端使用 ssh 工具登录 `具有公网IP的服务器` 。**注意：登录地址是你购买的服务器的 IP，用户名是 `被访问的电脑` 端的用户名，密码是 `被访问的电脑` 端的密码，端口是 `6000` 。**\n\n例如：\n\n![](36ec4a0fd428863e0efeee2536b28cde_MD5.jpeg)\n","slug":"frp内网穿透-使用记录","published":1,"comments":1,"layout":"post","photos":[],"_id":"clu9ow0dv00014cnl44gb6u38","content":"<blockquote>\n<p>使用内网穿透进行远程 ssh 访问</p>\n</blockquote>\n<p>如果A、B电脑不在同一局域网的情况下，并且都没有公网IP，A、B之间要想访问就需要内网穿透了</p>\n<p>一种方案是购买服务商提供的内网穿透工具，如 cpolar：</p>\n<p><img src=\"/posts/75cc0c49/3c199aac7cbfd9da40b7b055fc837520_MD5.jpeg\"></p>\n<p>固定端口号套餐149&#x2F;年，不用折腾。</p>\n<p>另一种方案是购买一个有公网 IP 的服务器做“桥梁”，但是最低配的轻量应用服务器价格都在一百左右，不是特别划算。最近年底腾讯云和阿里云活动，入门的轻量应用服务器价格60几块，果断入手~~~</p>\n<p><img src=\"/posts/75cc0c49/114f2d6e1fe7bfce68d305524913e43c_MD5.jpeg\"></p>\n<h2 id=\"1-事先准备\"><a href=\"#1-事先准备\" class=\"headerlink\" title=\"1. 事先准备\"></a>1. 事先准备</h2><ul>\n<li>具有公网 IP 的服务器(ubuntu) —— 👌</li>\n<li>发起访问的电脑(windows) —— 👌</li>\n<li>被访问的电脑(Ubuntu) —— 👌</li>\n</ul>\n<h2 id=\"2-下载-frp\"><a href=\"#2-下载-frp\" class=\"headerlink\" title=\"2. 下载 frp\"></a>2. 下载 frp</h2><p>frp GitHub 项目地址： <a href=\"https://github.com/fatedier/frp\">https://github.com/fatedier/frp</a></p>\n<p><img src=\"/posts/75cc0c49/833eaec4fe82ab68b6b75e32e30e49ea_MD5.jpeg\"></p>\n<p>分别针对 <code>具有公网IP的服务器</code> 和 <code>被访问的电脑</code> 下载相应的 frp 系统版本。我这里的两个主机都是 Ubuntu 系统，所以下载 <code>frp_0.53.2_linux_amd64.tar.gz</code> 到两个主机上，<em>注意：每个主机上都有一个相同版本的 <code>frp_0.53.2_linux_amd64.tar.gz</code>。</em></p>\n<p>解压后，对于 <code>具有公网IP的服务器</code> 使用的是 frps (frp server)：</p>\n<p><img src=\"/posts/75cc0c49/5ee686c92f4042c799cc21d7b58e6761_MD5.jpeg\"></p>\n<p>对于 <code>被访问的电脑</code> 使用的是 frpc (frp client)：</p>\n<p><img src=\"/posts/75cc0c49/6ab1a7e48358d10033cd8c100bee4dbb_MD5.jpeg\"></p>\n<h2 id=\"3-修改-frp-配置文件\"><a href=\"#3-修改-frp-配置文件\" class=\"headerlink\" title=\"3. 修改 frp 配置文件\"></a>3. 修改 frp 配置文件</h2><h3 id=\"3-1-具有公网IP的服务器-的-frps-toml\"><a href=\"#3-1-具有公网IP的服务器-的-frps-toml\" class=\"headerlink\" title=\"3.1 具有公网IP的服务器 的 frps.toml\"></a>3.1 <code>具有公网IP的服务器</code> 的 <code>frps.toml</code></h3><p><img src=\"/posts/75cc0c49/afd713590a8abd299f012d8d7932c42d_MD5.jpeg\"></p>\n<p>默认的就行~</p>\n<h3 id=\"3-2-被访问的电脑-的-frpc-toml\"><a href=\"#3-2-被访问的电脑-的-frpc-toml\" class=\"headerlink\" title=\"3.2 被访问的电脑 的 frpc.toml\"></a>3.2 <code>被访问的电脑</code> 的 <code>frpc.toml</code></h3><p><img src=\"/posts/75cc0c49/b53fa024875ecaa01d19bbf7c1ed6e0e_MD5.jpeg\"></p>\n<ul>\n<li><code>serverAddr</code>：修改为 <code>具有公网IP的服务器</code> 的 IP</li>\n<li><code>name</code>：随意填</li>\n<li><code>type</code>：ssh 访问填 <strong>tcp</strong> </li>\n<li><code>remotePort</code>：默认的 6000 就行</li>\n</ul>\n<p><img src=\"/posts/75cc0c49/cb48e711cc8de269bbc0f3592df21c0a_MD5.jpeg\"></p>\n<h2 id=\"4-设置开机自启\"><a href=\"#4-设置开机自启\" class=\"headerlink\" title=\"4. 设置开机自启\"></a>4. 设置开机自启</h2><p>使用 <code>frps -c frps.toml</code>、<code>frpc -c frpc.toml</code> 来运行 frp 服务。但是每次开机后都要在两台主机上分别运行 frp 服务，比较麻烦。使用 systemd 来实现 frp 服务的开机自启。</p>\n<p>分别在 <code>具有公网IP的服务器</code> 和 <code>被访问的电脑</code> 的主机上使用 systemd 配置各自的 frp 开机自启服务。</p>\n<h3 id=\"4-1-具有公网IP的服务器-的-frps-service\"><a href=\"#4-1-具有公网IP的服务器-的-frps-service\" class=\"headerlink\" title=\"4.1 具有公网IP的服务器 的 frps.service\"></a>4.1 <code>具有公网IP的服务器</code> 的 <code>frps.service</code></h3><p><code>sudo vim /etc/systemd/system/frps.service</code></p>\n<figure class=\"highlight txt\"><table><tr><td class=\"gutter\"><pre><span class=\"line\">1</span><br><span class=\"line\">2</span><br><span class=\"line\">3</span><br><span class=\"line\">4</span><br><span class=\"line\">5</span><br><span class=\"line\">6</span><br><span class=\"line\">7</span><br><span class=\"line\">8</span><br><span class=\"line\">9</span><br><span class=\"line\">10</span><br><span class=\"line\">11</span><br><span class=\"line\">12</span><br><span class=\"line\">13</span><br></pre></td><td class=\"code\"><pre><code class=\"hljs txt\">[Unit]<br>Description=frp server<br>After=network.target network-online.target syslog.target<br>Wants=network.target <br><br>[Service]<br>Type=simple<br>Restart=on-failure<br>RestartSec=5s<br>ExecStart=/你的路径/frps -c /你的路径/frps.toml<br><br>[Install]<br>WantedBy=multi-user.target<br></code></pre></td></tr></table></figure>\n\n<blockquote>\n<p>只需要针对你的路径修改 [Service] 下的 <code>ExecStart</code>，其余的不用修改</p>\n</blockquote>\n<p><img src=\"/posts/75cc0c49/fc984d1f1c751c24e90b6b1c29fb4b93_MD5.jpeg\"></p>\n<p>然后运行 <code>sudo systemctl daemon-reload</code> 和 <code>sudo systemctl enable --now frps.service</code> 以启用 frps 开机自启。</p>\n<h3 id=\"4-2-被访问的电脑-的-frpc-service\"><a href=\"#4-2-被访问的电脑-的-frpc-service\" class=\"headerlink\" title=\"4.2 被访问的电脑 的 frpc.service\"></a>4.2 <code>被访问的电脑</code> 的 <code>frpc.service</code></h3><p><code>sudo vim /etc/systemd/system/frpc.service</code></p>\n<figure class=\"highlight txt\"><table><tr><td class=\"gutter\"><pre><span class=\"line\">1</span><br><span class=\"line\">2</span><br><span class=\"line\">3</span><br><span class=\"line\">4</span><br><span class=\"line\">5</span><br><span class=\"line\">6</span><br><span class=\"line\">7</span><br><span class=\"line\">8</span><br><span class=\"line\">9</span><br><span class=\"line\">10</span><br><span class=\"line\">11</span><br><span class=\"line\">12</span><br><span class=\"line\">13</span><br></pre></td><td class=\"code\"><pre><code class=\"hljs txt\">[Unit]<br>Description=frp client <br>After=network.target network-online.target syslog.target<br>Wants=network.target <br><br>[Service]<br>Type=simple<br>Restart=on-failure<br>RestartSec=5s<br>ExecStart=/你的路径/frpc -c /你的路径/frpc.toml<br><br>[Install]<br>WantedBy=multi-user.target<br></code></pre></td></tr></table></figure>\n\n<blockquote>\n<p>只需要针对你的路径修改 [Service] 下的 <code>ExecStart</code></p>\n</blockquote>\n<p><img src=\"/posts/75cc0c49/35b5acb29b8ff252d159c3106436a010_MD5.jpeg\"></p>\n<p>然后运行 <code>sudo systemctl daemon-reload</code> 和 <code>sudo systemctl enable --now frpc.service</code> 以启用 frpc 开机自启。</p>\n<h2 id=\"5-添加端口规则\"><a href=\"#5-添加端口规则\" class=\"headerlink\" title=\"5. 添加端口规则\"></a>5. 添加端口规则</h2><p>需要在 <code>具有公网IP的服务器</code> 的控制台防火墙里放行 6000、7000 端口：</p>\n<p><img src=\"/posts/75cc0c49/38e6254556ea3130f974c07fc9701bbe_MD5.jpeg\"></p>\n<h2 id=\"6-登录使用\"><a href=\"#6-登录使用\" class=\"headerlink\" title=\"6. 登录使用\"></a>6. 登录使用</h2><p>在 <code>发起访问的电脑</code> 端远程 ssh 访问 <code>被访问的电脑</code> 端。</p>\n<p>在 <code>发起访问的电脑</code> 端使用 ssh 工具登录 <code>具有公网IP的服务器</code> 。<strong>注意：登录地址是你购买的服务器的 IP，用户名是 <code>被访问的电脑</code> 端的用户名，密码是 <code>被访问的电脑</code> 端的密码，端口是 <code>6000</code> 。</strong></p>\n<p>例如：</p>\n<p><img src=\"/posts/75cc0c49/36ec4a0fd428863e0efeee2536b28cde_MD5.jpeg\"></p>\n","excerpt":"","more":"<blockquote>\n<p>使用内网穿透进行远程 ssh 访问</p>\n</blockquote>\n<p>如果A、B电脑不在同一局域网的情况下，并且都没有公网IP，A、B之间要想访问就需要内网穿透了</p>\n<p>一种方案是购买服务商提供的内网穿透工具，如 cpolar：</p>\n<p><img src=\"/posts/75cc0c49/3c199aac7cbfd9da40b7b055fc837520_MD5.jpeg\"></p>\n<p>固定端口号套餐149&#x2F;年，不用折腾。</p>\n<p>另一种方案是购买一个有公网 IP 的服务器做“桥梁”，但是最低配的轻量应用服务器价格都在一百左右，不是特别划算。最近年底腾讯云和阿里云活动，入门的轻量应用服务器价格60几块，果断入手~~~</p>\n<p><img src=\"/posts/75cc0c49/114f2d6e1fe7bfce68d305524913e43c_MD5.jpeg\"></p>\n<h2 id=\"1-事先准备\"><a href=\"#1-事先准备\" class=\"headerlink\" title=\"1. 事先准备\"></a>1. 事先准备</h2><ul>\n<li>具有公网 IP 的服务器(ubuntu) —— 👌</li>\n<li>发起访问的电脑(windows) —— 👌</li>\n<li>被访问的电脑(Ubuntu) —— 👌</li>\n</ul>\n<h2 id=\"2-下载-frp\"><a href=\"#2-下载-frp\" class=\"headerlink\" title=\"2. 下载 frp\"></a>2. 下载 frp</h2><p>frp GitHub 项目地址： <a href=\"https://github.com/fatedier/frp\">https://github.com/fatedier/frp</a></p>\n<p><img src=\"/posts/75cc0c49/833eaec4fe82ab68b6b75e32e30e49ea_MD5.jpeg\"></p>\n<p>分别针对 <code>具有公网IP的服务器</code> 和 <code>被访问的电脑</code> 下载相应的 frp 系统版本。我这里的两个主机都是 Ubuntu 系统，所以下载 <code>frp_0.53.2_linux_amd64.tar.gz</code> 到两个主机上，<em>注意：每个主机上都有一个相同版本的 <code>frp_0.53.2_linux_amd64.tar.gz</code>。</em></p>\n<p>解压后，对于 <code>具有公网IP的服务器</code> 使用的是 frps (frp server)：</p>\n<p><img src=\"/posts/75cc0c49/5ee686c92f4042c799cc21d7b58e6761_MD5.jpeg\"></p>\n<p>对于 <code>被访问的电脑</code> 使用的是 frpc (frp client)：</p>\n<p><img src=\"/posts/75cc0c49/6ab1a7e48358d10033cd8c100bee4dbb_MD5.jpeg\"></p>\n<h2 id=\"3-修改-frp-配置文件\"><a href=\"#3-修改-frp-配置文件\" class=\"headerlink\" title=\"3. 修改 frp 配置文件\"></a>3. 修改 frp 配置文件</h2><h3 id=\"3-1-具有公网IP的服务器-的-frps-toml\"><a href=\"#3-1-具有公网IP的服务器-的-frps-toml\" class=\"headerlink\" title=\"3.1 具有公网IP的服务器 的 frps.toml\"></a>3.1 <code>具有公网IP的服务器</code> 的 <code>frps.toml</code></h3><p><img src=\"/posts/75cc0c49/afd713590a8abd299f012d8d7932c42d_MD5.jpeg\"></p>\n<p>默认的就行~</p>\n<h3 id=\"3-2-被访问的电脑-的-frpc-toml\"><a href=\"#3-2-被访问的电脑-的-frpc-toml\" class=\"headerlink\" title=\"3.2 被访问的电脑 的 frpc.toml\"></a>3.2 <code>被访问的电脑</code> 的 <code>frpc.toml</code></h3><p><img src=\"/posts/75cc0c49/b53fa024875ecaa01d19bbf7c1ed6e0e_MD5.jpeg\"></p>\n<ul>\n<li><code>serverAddr</code>：修改为 <code>具有公网IP的服务器</code> 的 IP</li>\n<li><code>name</code>：随意填</li>\n<li><code>type</code>：ssh 访问填 <strong>tcp</strong> </li>\n<li><code>remotePort</code>：默认的 6000 就行</li>\n</ul>\n<p><img src=\"/posts/75cc0c49/cb48e711cc8de269bbc0f3592df21c0a_MD5.jpeg\"></p>\n<h2 id=\"4-设置开机自启\"><a href=\"#4-设置开机自启\" class=\"headerlink\" title=\"4. 设置开机自启\"></a>4. 设置开机自启</h2><p>使用 <code>frps -c frps.toml</code>、<code>frpc -c frpc.toml</code> 来运行 frp 服务。但是每次开机后都要在两台主机上分别运行 frp 服务，比较麻烦。使用 systemd 来实现 frp 服务的开机自启。</p>\n<p>分别在 <code>具有公网IP的服务器</code> 和 <code>被访问的电脑</code> 的主机上使用 systemd 配置各自的 frp 开机自启服务。</p>\n<h3 id=\"4-1-具有公网IP的服务器-的-frps-service\"><a href=\"#4-1-具有公网IP的服务器-的-frps-service\" class=\"headerlink\" title=\"4.1 具有公网IP的服务器 的 frps.service\"></a>4.1 <code>具有公网IP的服务器</code> 的 <code>frps.service</code></h3><p><code>sudo vim /etc/systemd/system/frps.service</code></p>\n<figure class=\"highlight txt\"><table><tr><td class=\"gutter\"><pre><span class=\"line\">1</span><br><span class=\"line\">2</span><br><span class=\"line\">3</span><br><span class=\"line\">4</span><br><span class=\"line\">5</span><br><span class=\"line\">6</span><br><span class=\"line\">7</span><br><span class=\"line\">8</span><br><span class=\"line\">9</span><br><span class=\"line\">10</span><br><span class=\"line\">11</span><br><span class=\"line\">12</span><br><span class=\"line\">13</span><br></pre></td><td class=\"code\"><pre><code class=\"hljs txt\">[Unit]<br>Description=frp server<br>After=network.target network-online.target syslog.target<br>Wants=network.target <br><br>[Service]<br>Type=simple<br>Restart=on-failure<br>RestartSec=5s<br>ExecStart=/你的路径/frps -c /你的路径/frps.toml<br><br>[Install]<br>WantedBy=multi-user.target<br></code></pre></td></tr></table></figure>\n\n<blockquote>\n<p>只需要针对你的路径修改 [Service] 下的 <code>ExecStart</code>，其余的不用修改</p>\n</blockquote>\n<p><img src=\"/posts/75cc0c49/fc984d1f1c751c24e90b6b1c29fb4b93_MD5.jpeg\"></p>\n<p>然后运行 <code>sudo systemctl daemon-reload</code> 和 <code>sudo systemctl enable --now frps.service</code> 以启用 frps 开机自启。</p>\n<h3 id=\"4-2-被访问的电脑-的-frpc-service\"><a href=\"#4-2-被访问的电脑-的-frpc-service\" class=\"headerlink\" title=\"4.2 被访问的电脑 的 frpc.service\"></a>4.2 <code>被访问的电脑</code> 的 <code>frpc.service</code></h3><p><code>sudo vim /etc/systemd/system/frpc.service</code></p>\n<figure class=\"highlight txt\"><table><tr><td class=\"gutter\"><pre><span class=\"line\">1</span><br><span class=\"line\">2</span><br><span class=\"line\">3</span><br><span class=\"line\">4</span><br><span class=\"line\">5</span><br><span class=\"line\">6</span><br><span class=\"line\">7</span><br><span class=\"line\">8</span><br><span class=\"line\">9</span><br><span class=\"line\">10</span><br><span class=\"line\">11</span><br><span class=\"line\">12</span><br><span class=\"line\">13</span><br></pre></td><td class=\"code\"><pre><code class=\"hljs txt\">[Unit]<br>Description=frp client <br>After=network.target network-online.target syslog.target<br>Wants=network.target <br><br>[Service]<br>Type=simple<br>Restart=on-failure<br>RestartSec=5s<br>ExecStart=/你的路径/frpc -c /你的路径/frpc.toml<br><br>[Install]<br>WantedBy=multi-user.target<br></code></pre></td></tr></table></figure>\n\n<blockquote>\n<p>只需要针对你的路径修改 [Service] 下的 <code>ExecStart</code></p>\n</blockquote>\n<p><img src=\"/posts/75cc0c49/35b5acb29b8ff252d159c3106436a010_MD5.jpeg\"></p>\n<p>然后运行 <code>sudo systemctl daemon-reload</code> 和 <code>sudo systemctl enable --now frpc.service</code> 以启用 frpc 开机自启。</p>\n<h2 id=\"5-添加端口规则\"><a href=\"#5-添加端口规则\" class=\"headerlink\" title=\"5. 添加端口规则\"></a>5. 添加端口规则</h2><p>需要在 <code>具有公网IP的服务器</code> 的控制台防火墙里放行 6000、7000 端口：</p>\n<p><img src=\"/posts/75cc0c49/38e6254556ea3130f974c07fc9701bbe_MD5.jpeg\"></p>\n<h2 id=\"6-登录使用\"><a href=\"#6-登录使用\" class=\"headerlink\" title=\"6. 登录使用\"></a>6. 登录使用</h2><p>在 <code>发起访问的电脑</code> 端远程 ssh 访问 <code>被访问的电脑</code> 端。</p>\n<p>在 <code>发起访问的电脑</code> 端使用 ssh 工具登录 <code>具有公网IP的服务器</code> 。<strong>注意：登录地址是你购买的服务器的 IP，用户名是 <code>被访问的电脑</code> 端的用户名，密码是 <code>被访问的电脑</code> 端的密码，端口是 <code>6000</code> 。</strong></p>\n<p>例如：</p>\n<p><img src=\"/posts/75cc0c49/36ec4a0fd428863e0efeee2536b28cde_MD5.jpeg\"></p>\n"},{"title":"gcc修炼-第1节","index_img":"/img/index/gnu_gcc.png","banner_img":"/img/banner/c_program.jpg","abbrlink":"ce9bc550","date":"2024-02-05T07:05:35.000Z","updated":"2024-02-05T08:41:04.000Z","_content":"\n> 此文章是 gcc 学习笔记，[学习视频](https://www.bilibili.com/video/BV1Y8411M7fp/?p=3&spm_id_from=pageDriver&vd_source=d28f6fad4261fe5abca485f4a556dbc1)\n\n## 1. 多文件编译\n\n目录结构如下：\n\n![](fc81ec4f3b390a718d9f921c56e31774_MD5.jpeg)\n\n`main.c`（主程序）：\n\n```c\n#include <stdio.h>\n#include \"hello.h\"\nint main()\n{\n        hello(\"呵呵，ojbk\");\n        return 0;\n}\n```\n\n`hello.h`（函数的声明）：\n\n```c\nvoid hello(const char* str);\n```\n\n`hello.c`（函数的实现）：\n\n```c\n#include <stdio.h>\n#include \"hello.h\"\nvoid hello(const char* str)\n{\n        printf(\"%s\\n\", str);\n}\n```\n\n使用 `gcc -Wall main.c hello.c -o hehe` 命令进行多文件编译：\n\n![](8af5eedd71c05782187f5b0b01ad29ca_MD5.jpeg)\n\n### 1.1 `hello.h`\n\n在文件目录中有 `hello.c`、`hello.h` 和 `main.c`，但是在使用 `gcc` 编译时没有包含 `hello.h`\n\n在 `main.c` 中的第二行 include 了 `hello.h`，`gcc -Wall main.c hello.c -o hehe` 在执行这条命令时，gcc 读取到 `main.c` 源文件中的第二行，就会去找 `hello.h` 文件自动包含进来，所以不用包含头文件。\n\n#### 1.1.1 `\" \"` 和 `< >`\n\n在 `main.c` 中使用了 `include <stdio.h>` 和 `include \"hello.h\"`，这两种不同的包含符号有什么区别？\n\n`\" \"` 表示编译器首先会到当前路径（被编译的源文件所在的路径）下搜索这个头文件，找不到再去**系统头文件目录**。\n\n而 `< >` 是直接去**系统头文件目录**下搜索头文件。\n\n> 头文件目录（对于 Linux 系统）\n> /usr/include：系统上的标准头文件目录\n> /usr/local/include: 本地安装的软件包可能会将头文件放置在这个目录中\n\n### 1.2 另外\n\n在上述源文件中，`hello.c` 中的 `include \"hello.h\"` 可以删除，使用 `gcc -Wall main.c hello.c -o hehe` 编译时没有任何问题，为什么？\n\n当 `main.c` 中包含了 `hello.h` 头文件时，这个头文件中的声明 `void hello(const char* str);` 告诉编译器有一个名为 `hello` 的函数，但是并没有提供该函数的具体实现。具体的实现在 `hello.c` 文件中。\n\n编译器在编译 `main.c` 时，会查看 `#include \"hello.h\"`，这会将 `hello.h` 文件的内容插入到 `main.c` 中。然后编译器会在 `main.c` 中找到函数声明 `void hello(const char* str);`。由于这只是一个声明，编译器并不知道函数的具体实现。\n\n**当你最后执行链接阶段（使用 `gcc main.c hello.c -o hello`）时，编译器会查找 `hello` 函数的实现。** 这时，编译器看到了 `main.c` 中的调用 `hello(\"呵呵，ojbk\");`，然后会在整个工程中搜索包含了 `hello` 函数实现的文件。**由于你同时编译了 `hello.c`，所以编译器找到了 `hello` 函数的实现。** —— *正是因为同时将 `main.c` 和 `hello.c` 放在一起编译（`gcc main.c hello.c -o hello`）所以才不报错。*\n\n最终，链接器将 `main.o` 和 `hello.o` 这两个目标文件合并，生成了可执行文件 `hello`。\n\n","source":"_posts/gcc修炼-第1节.md","raw":"---\ntitle: gcc修炼-第1节\nindex_img: /img/index/gnu_gcc.png\nbanner_img: /img/banner/c_program.jpg\ntags:\n  - GNU\n  - GCC\n  - C\ncategories:\n  - gcc修炼手册\nabbrlink: ce9bc550\ndate: 2024-02-05 15:05:35\nupdated: 2024-02-05 16:41:04\n---\n\n> 此文章是 gcc 学习笔记，[学习视频](https://www.bilibili.com/video/BV1Y8411M7fp/?p=3&spm_id_from=pageDriver&vd_source=d28f6fad4261fe5abca485f4a556dbc1)\n\n## 1. 多文件编译\n\n目录结构如下：\n\n![](fc81ec4f3b390a718d9f921c56e31774_MD5.jpeg)\n\n`main.c`（主程序）：\n\n```c\n#include <stdio.h>\n#include \"hello.h\"\nint main()\n{\n        hello(\"呵呵，ojbk\");\n        return 0;\n}\n```\n\n`hello.h`（函数的声明）：\n\n```c\nvoid hello(const char* str);\n```\n\n`hello.c`（函数的实现）：\n\n```c\n#include <stdio.h>\n#include \"hello.h\"\nvoid hello(const char* str)\n{\n        printf(\"%s\\n\", str);\n}\n```\n\n使用 `gcc -Wall main.c hello.c -o hehe` 命令进行多文件编译：\n\n![](8af5eedd71c05782187f5b0b01ad29ca_MD5.jpeg)\n\n### 1.1 `hello.h`\n\n在文件目录中有 `hello.c`、`hello.h` 和 `main.c`，但是在使用 `gcc` 编译时没有包含 `hello.h`\n\n在 `main.c` 中的第二行 include 了 `hello.h`，`gcc -Wall main.c hello.c -o hehe` 在执行这条命令时，gcc 读取到 `main.c` 源文件中的第二行，就会去找 `hello.h` 文件自动包含进来，所以不用包含头文件。\n\n#### 1.1.1 `\" \"` 和 `< >`\n\n在 `main.c` 中使用了 `include <stdio.h>` 和 `include \"hello.h\"`，这两种不同的包含符号有什么区别？\n\n`\" \"` 表示编译器首先会到当前路径（被编译的源文件所在的路径）下搜索这个头文件，找不到再去**系统头文件目录**。\n\n而 `< >` 是直接去**系统头文件目录**下搜索头文件。\n\n> 头文件目录（对于 Linux 系统）\n> /usr/include：系统上的标准头文件目录\n> /usr/local/include: 本地安装的软件包可能会将头文件放置在这个目录中\n\n### 1.2 另外\n\n在上述源文件中，`hello.c` 中的 `include \"hello.h\"` 可以删除，使用 `gcc -Wall main.c hello.c -o hehe` 编译时没有任何问题，为什么？\n\n当 `main.c` 中包含了 `hello.h` 头文件时，这个头文件中的声明 `void hello(const char* str);` 告诉编译器有一个名为 `hello` 的函数，但是并没有提供该函数的具体实现。具体的实现在 `hello.c` 文件中。\n\n编译器在编译 `main.c` 时，会查看 `#include \"hello.h\"`，这会将 `hello.h` 文件的内容插入到 `main.c` 中。然后编译器会在 `main.c` 中找到函数声明 `void hello(const char* str);`。由于这只是一个声明，编译器并不知道函数的具体实现。\n\n**当你最后执行链接阶段（使用 `gcc main.c hello.c -o hello`）时，编译器会查找 `hello` 函数的实现。** 这时，编译器看到了 `main.c` 中的调用 `hello(\"呵呵，ojbk\");`，然后会在整个工程中搜索包含了 `hello` 函数实现的文件。**由于你同时编译了 `hello.c`，所以编译器找到了 `hello` 函数的实现。** —— *正是因为同时将 `main.c` 和 `hello.c` 放在一起编译（`gcc main.c hello.c -o hello`）所以才不报错。*\n\n最终，链接器将 `main.o` 和 `hello.o` 这两个目标文件合并，生成了可执行文件 `hello`。\n\n","slug":"gcc修炼-第1节","published":1,"comments":1,"layout":"post","photos":[],"_id":"clu9ow0dx00024cnl6m7g0gkj","content":"<blockquote>\n<p>此文章是 gcc 学习笔记，<a href=\"https://www.bilibili.com/video/BV1Y8411M7fp/?p=3&spm_id_from=pageDriver&vd_source=d28f6fad4261fe5abca485f4a556dbc1\">学习视频</a></p>\n</blockquote>\n<h2 id=\"1-多文件编译\"><a href=\"#1-多文件编译\" class=\"headerlink\" title=\"1. 多文件编译\"></a>1. 多文件编译</h2><p>目录结构如下：</p>\n<p><img src=\"/posts/ce9bc550/fc81ec4f3b390a718d9f921c56e31774_MD5.jpeg\"></p>\n<p><code>main.c</code>（主程序）：</p>\n<figure class=\"highlight c\"><table><tr><td class=\"gutter\"><pre><span class=\"line\">1</span><br><span class=\"line\">2</span><br><span class=\"line\">3</span><br><span class=\"line\">4</span><br><span class=\"line\">5</span><br><span class=\"line\">6</span><br><span class=\"line\">7</span><br></pre></td><td class=\"code\"><pre><code class=\"hljs c\"><span class=\"hljs-meta\">#<span class=\"hljs-keyword\">include</span> <span class=\"hljs-string\">&lt;stdio.h&gt;</span></span><br><span class=\"hljs-meta\">#<span class=\"hljs-keyword\">include</span> <span class=\"hljs-string\">&quot;hello.h&quot;</span></span><br><span class=\"hljs-type\">int</span> <span class=\"hljs-title function_\">main</span><span class=\"hljs-params\">()</span><br>&#123;<br>        hello(<span class=\"hljs-string\">&quot;呵呵，ojbk&quot;</span>);<br>        <span class=\"hljs-keyword\">return</span> <span class=\"hljs-number\">0</span>;<br>&#125;<br></code></pre></td></tr></table></figure>\n\n<p><code>hello.h</code>（函数的声明）：</p>\n<figure class=\"highlight c\"><table><tr><td class=\"gutter\"><pre><span class=\"line\">1</span><br></pre></td><td class=\"code\"><pre><code class=\"hljs c\"><span class=\"hljs-type\">void</span> <span class=\"hljs-title function_\">hello</span><span class=\"hljs-params\">(<span class=\"hljs-type\">const</span> <span class=\"hljs-type\">char</span>* str)</span>;<br></code></pre></td></tr></table></figure>\n\n<p><code>hello.c</code>（函数的实现）：</p>\n<figure class=\"highlight c\"><table><tr><td class=\"gutter\"><pre><span class=\"line\">1</span><br><span class=\"line\">2</span><br><span class=\"line\">3</span><br><span class=\"line\">4</span><br><span class=\"line\">5</span><br><span class=\"line\">6</span><br></pre></td><td class=\"code\"><pre><code class=\"hljs c\"><span class=\"hljs-meta\">#<span class=\"hljs-keyword\">include</span> <span class=\"hljs-string\">&lt;stdio.h&gt;</span></span><br><span class=\"hljs-meta\">#<span class=\"hljs-keyword\">include</span> <span class=\"hljs-string\">&quot;hello.h&quot;</span></span><br><span class=\"hljs-type\">void</span> <span class=\"hljs-title function_\">hello</span><span class=\"hljs-params\">(<span class=\"hljs-type\">const</span> <span class=\"hljs-type\">char</span>* str)</span><br>&#123;<br>        <span class=\"hljs-built_in\">printf</span>(<span class=\"hljs-string\">&quot;%s\\n&quot;</span>, str);<br>&#125;<br></code></pre></td></tr></table></figure>\n\n<p>使用 <code>gcc -Wall main.c hello.c -o hehe</code> 命令进行多文件编译：</p>\n<p><img src=\"/posts/ce9bc550/8af5eedd71c05782187f5b0b01ad29ca_MD5.jpeg\"></p>\n<h3 id=\"1-1-hello-h\"><a href=\"#1-1-hello-h\" class=\"headerlink\" title=\"1.1 hello.h\"></a>1.1 <code>hello.h</code></h3><p>在文件目录中有 <code>hello.c</code>、<code>hello.h</code> 和 <code>main.c</code>，但是在使用 <code>gcc</code> 编译时没有包含 <code>hello.h</code></p>\n<p>在 <code>main.c</code> 中的第二行 include 了 <code>hello.h</code>，<code>gcc -Wall main.c hello.c -o hehe</code> 在执行这条命令时，gcc 读取到 <code>main.c</code> 源文件中的第二行，就会去找 <code>hello.h</code> 文件自动包含进来，所以不用包含头文件。</p>\n<h4 id=\"1-1-1-和\"><a href=\"#1-1-1-和\" class=\"headerlink\" title=\"1.1.1 &quot; &quot; 和 &lt; &gt;\"></a>1.1.1 <code>&quot; &quot;</code> 和 <code>&lt; &gt;</code></h4><p>在 <code>main.c</code> 中使用了 <code>include &lt;stdio.h&gt;</code> 和 <code>include &quot;hello.h&quot;</code>，这两种不同的包含符号有什么区别？</p>\n<p><code>&quot; &quot;</code> 表示编译器首先会到当前路径（被编译的源文件所在的路径）下搜索这个头文件，找不到再去<strong>系统头文件目录</strong>。</p>\n<p>而 <code>&lt; &gt;</code> 是直接去<strong>系统头文件目录</strong>下搜索头文件。</p>\n<blockquote>\n<p>头文件目录（对于 Linux 系统）<br>&#x2F;usr&#x2F;include：系统上的标准头文件目录<br>&#x2F;usr&#x2F;local&#x2F;include: 本地安装的软件包可能会将头文件放置在这个目录中</p>\n</blockquote>\n<h3 id=\"1-2-另外\"><a href=\"#1-2-另外\" class=\"headerlink\" title=\"1.2 另外\"></a>1.2 另外</h3><p>在上述源文件中，<code>hello.c</code> 中的 <code>include &quot;hello.h&quot;</code> 可以删除，使用 <code>gcc -Wall main.c hello.c -o hehe</code> 编译时没有任何问题，为什么？</p>\n<p>当 <code>main.c</code> 中包含了 <code>hello.h</code> 头文件时，这个头文件中的声明 <code>void hello(const char* str);</code> 告诉编译器有一个名为 <code>hello</code> 的函数，但是并没有提供该函数的具体实现。具体的实现在 <code>hello.c</code> 文件中。</p>\n<p>编译器在编译 <code>main.c</code> 时，会查看 <code>#include &quot;hello.h&quot;</code>，这会将 <code>hello.h</code> 文件的内容插入到 <code>main.c</code> 中。然后编译器会在 <code>main.c</code> 中找到函数声明 <code>void hello(const char* str);</code>。由于这只是一个声明，编译器并不知道函数的具体实现。</p>\n<p><strong>当你最后执行链接阶段（使用 <code>gcc main.c hello.c -o hello</code>）时，编译器会查找 <code>hello</code> 函数的实现。</strong> 这时，编译器看到了 <code>main.c</code> 中的调用 <code>hello(&quot;呵呵，ojbk&quot;);</code>，然后会在整个工程中搜索包含了 <code>hello</code> 函数实现的文件。<strong>由于你同时编译了 <code>hello.c</code>，所以编译器找到了 <code>hello</code> 函数的实现。</strong> —— <em>正是因为同时将 <code>main.c</code> 和 <code>hello.c</code> 放在一起编译（<code>gcc main.c hello.c -o hello</code>）所以才不报错。</em></p>\n<p>最终，链接器将 <code>main.o</code> 和 <code>hello.o</code> 这两个目标文件合并，生成了可执行文件 <code>hello</code>。</p>\n","excerpt":"","more":"<blockquote>\n<p>此文章是 gcc 学习笔记，<a href=\"https://www.bilibili.com/video/BV1Y8411M7fp/?p=3&spm_id_from=pageDriver&vd_source=d28f6fad4261fe5abca485f4a556dbc1\">学习视频</a></p>\n</blockquote>\n<h2 id=\"1-多文件编译\"><a href=\"#1-多文件编译\" class=\"headerlink\" title=\"1. 多文件编译\"></a>1. 多文件编译</h2><p>目录结构如下：</p>\n<p><img src=\"/posts/ce9bc550/fc81ec4f3b390a718d9f921c56e31774_MD5.jpeg\"></p>\n<p><code>main.c</code>（主程序）：</p>\n<figure class=\"highlight c\"><table><tr><td class=\"gutter\"><pre><span class=\"line\">1</span><br><span class=\"line\">2</span><br><span class=\"line\">3</span><br><span class=\"line\">4</span><br><span class=\"line\">5</span><br><span class=\"line\">6</span><br><span class=\"line\">7</span><br></pre></td><td class=\"code\"><pre><code class=\"hljs c\"><span class=\"hljs-meta\">#<span class=\"hljs-keyword\">include</span> <span class=\"hljs-string\">&lt;stdio.h&gt;</span></span><br><span class=\"hljs-meta\">#<span class=\"hljs-keyword\">include</span> <span class=\"hljs-string\">&quot;hello.h&quot;</span></span><br><span class=\"hljs-type\">int</span> <span class=\"hljs-title function_\">main</span><span class=\"hljs-params\">()</span><br>&#123;<br>        hello(<span class=\"hljs-string\">&quot;呵呵，ojbk&quot;</span>);<br>        <span class=\"hljs-keyword\">return</span> <span class=\"hljs-number\">0</span>;<br>&#125;<br></code></pre></td></tr></table></figure>\n\n<p><code>hello.h</code>（函数的声明）：</p>\n<figure class=\"highlight c\"><table><tr><td class=\"gutter\"><pre><span class=\"line\">1</span><br></pre></td><td class=\"code\"><pre><code class=\"hljs c\"><span class=\"hljs-type\">void</span> <span class=\"hljs-title function_\">hello</span><span class=\"hljs-params\">(<span class=\"hljs-type\">const</span> <span class=\"hljs-type\">char</span>* str)</span>;<br></code></pre></td></tr></table></figure>\n\n<p><code>hello.c</code>（函数的实现）：</p>\n<figure class=\"highlight c\"><table><tr><td class=\"gutter\"><pre><span class=\"line\">1</span><br><span class=\"line\">2</span><br><span class=\"line\">3</span><br><span class=\"line\">4</span><br><span class=\"line\">5</span><br><span class=\"line\">6</span><br></pre></td><td class=\"code\"><pre><code class=\"hljs c\"><span class=\"hljs-meta\">#<span class=\"hljs-keyword\">include</span> <span class=\"hljs-string\">&lt;stdio.h&gt;</span></span><br><span class=\"hljs-meta\">#<span class=\"hljs-keyword\">include</span> <span class=\"hljs-string\">&quot;hello.h&quot;</span></span><br><span class=\"hljs-type\">void</span> <span class=\"hljs-title function_\">hello</span><span class=\"hljs-params\">(<span class=\"hljs-type\">const</span> <span class=\"hljs-type\">char</span>* str)</span><br>&#123;<br>        <span class=\"hljs-built_in\">printf</span>(<span class=\"hljs-string\">&quot;%s\\n&quot;</span>, str);<br>&#125;<br></code></pre></td></tr></table></figure>\n\n<p>使用 <code>gcc -Wall main.c hello.c -o hehe</code> 命令进行多文件编译：</p>\n<p><img src=\"/posts/ce9bc550/8af5eedd71c05782187f5b0b01ad29ca_MD5.jpeg\"></p>\n<h3 id=\"1-1-hello-h\"><a href=\"#1-1-hello-h\" class=\"headerlink\" title=\"1.1 hello.h\"></a>1.1 <code>hello.h</code></h3><p>在文件目录中有 <code>hello.c</code>、<code>hello.h</code> 和 <code>main.c</code>，但是在使用 <code>gcc</code> 编译时没有包含 <code>hello.h</code></p>\n<p>在 <code>main.c</code> 中的第二行 include 了 <code>hello.h</code>，<code>gcc -Wall main.c hello.c -o hehe</code> 在执行这条命令时，gcc 读取到 <code>main.c</code> 源文件中的第二行，就会去找 <code>hello.h</code> 文件自动包含进来，所以不用包含头文件。</p>\n<h4 id=\"1-1-1-和\"><a href=\"#1-1-1-和\" class=\"headerlink\" title=\"1.1.1 &quot; &quot; 和 &lt; &gt;\"></a>1.1.1 <code>&quot; &quot;</code> 和 <code>&lt; &gt;</code></h4><p>在 <code>main.c</code> 中使用了 <code>include &lt;stdio.h&gt;</code> 和 <code>include &quot;hello.h&quot;</code>，这两种不同的包含符号有什么区别？</p>\n<p><code>&quot; &quot;</code> 表示编译器首先会到当前路径（被编译的源文件所在的路径）下搜索这个头文件，找不到再去<strong>系统头文件目录</strong>。</p>\n<p>而 <code>&lt; &gt;</code> 是直接去<strong>系统头文件目录</strong>下搜索头文件。</p>\n<blockquote>\n<p>头文件目录（对于 Linux 系统）<br>&#x2F;usr&#x2F;include：系统上的标准头文件目录<br>&#x2F;usr&#x2F;local&#x2F;include: 本地安装的软件包可能会将头文件放置在这个目录中</p>\n</blockquote>\n<h3 id=\"1-2-另外\"><a href=\"#1-2-另外\" class=\"headerlink\" title=\"1.2 另外\"></a>1.2 另外</h3><p>在上述源文件中，<code>hello.c</code> 中的 <code>include &quot;hello.h&quot;</code> 可以删除，使用 <code>gcc -Wall main.c hello.c -o hehe</code> 编译时没有任何问题，为什么？</p>\n<p>当 <code>main.c</code> 中包含了 <code>hello.h</code> 头文件时，这个头文件中的声明 <code>void hello(const char* str);</code> 告诉编译器有一个名为 <code>hello</code> 的函数，但是并没有提供该函数的具体实现。具体的实现在 <code>hello.c</code> 文件中。</p>\n<p>编译器在编译 <code>main.c</code> 时，会查看 <code>#include &quot;hello.h&quot;</code>，这会将 <code>hello.h</code> 文件的内容插入到 <code>main.c</code> 中。然后编译器会在 <code>main.c</code> 中找到函数声明 <code>void hello(const char* str);</code>。由于这只是一个声明，编译器并不知道函数的具体实现。</p>\n<p><strong>当你最后执行链接阶段（使用 <code>gcc main.c hello.c -o hello</code>）时，编译器会查找 <code>hello</code> 函数的实现。</strong> 这时，编译器看到了 <code>main.c</code> 中的调用 <code>hello(&quot;呵呵，ojbk&quot;);</code>，然后会在整个工程中搜索包含了 <code>hello</code> 函数实现的文件。<strong>由于你同时编译了 <code>hello.c</code>，所以编译器找到了 <code>hello</code> 函数的实现。</strong> —— <em>正是因为同时将 <code>main.c</code> 和 <code>hello.c</code> 放在一起编译（<code>gcc main.c hello.c -o hello</code>）所以才不报错。</em></p>\n<p>最终，链接器将 <code>main.o</code> 和 <code>hello.o</code> 这两个目标文件合并，生成了可执行文件 <code>hello</code>。</p>\n"}],"PostAsset":[{"_id":"source/_posts/frp内网穿透-使用记录/114f2d6e1fe7bfce68d305524913e43c_MD5.jpeg","slug":"114f2d6e1fe7bfce68d305524913e43c_MD5.jpeg","post":"clu9ow0dv00014cnl44gb6u38","modified":0,"renderable":0},{"_id":"source/_posts/frp内网穿透-使用记录/35b5acb29b8ff252d159c3106436a010_MD5.jpeg","slug":"35b5acb29b8ff252d159c3106436a010_MD5.jpeg","post":"clu9ow0dv00014cnl44gb6u38","modified":0,"renderable":0},{"_id":"source/_posts/frp内网穿透-使用记录/36ec4a0fd428863e0efeee2536b28cde_MD5.jpeg","slug":"36ec4a0fd428863e0efeee2536b28cde_MD5.jpeg","post":"clu9ow0dv00014cnl44gb6u38","modified":0,"renderable":0},{"_id":"source/_posts/frp内网穿透-使用记录/38e6254556ea3130f974c07fc9701bbe_MD5.jpeg","slug":"38e6254556ea3130f974c07fc9701bbe_MD5.jpeg","post":"clu9ow0dv00014cnl44gb6u38","modified":0,"renderable":0},{"_id":"source/_posts/frp内网穿透-使用记录/3c199aac7cbfd9da40b7b055fc837520_MD5.jpeg","slug":"3c199aac7cbfd9da40b7b055fc837520_MD5.jpeg","post":"clu9ow0dv00014cnl44gb6u38","modified":0,"renderable":0},{"_id":"source/_posts/frp内网穿透-使用记录/5ee686c92f4042c799cc21d7b58e6761_MD5.jpeg","slug":"5ee686c92f4042c799cc21d7b58e6761_MD5.jpeg","post":"clu9ow0dv00014cnl44gb6u38","modified":0,"renderable":0},{"_id":"source/_posts/frp内网穿透-使用记录/6ab1a7e48358d10033cd8c100bee4dbb_MD5.jpeg","slug":"6ab1a7e48358d10033cd8c100bee4dbb_MD5.jpeg","post":"clu9ow0dv00014cnl44gb6u38","modified":0,"renderable":0},{"_id":"source/_posts/frp内网穿透-使用记录/833eaec4fe82ab68b6b75e32e30e49ea_MD5.jpeg","slug":"833eaec4fe82ab68b6b75e32e30e49ea_MD5.jpeg","post":"clu9ow0dv00014cnl44gb6u38","modified":0,"renderable":0},{"_id":"source/_posts/frp内网穿透-使用记录/afd713590a8abd299f012d8d7932c42d_MD5.jpeg","slug":"afd713590a8abd299f012d8d7932c42d_MD5.jpeg","post":"clu9ow0dv00014cnl44gb6u38","modified":0,"renderable":0},{"_id":"source/_posts/frp内网穿透-使用记录/b53fa024875ecaa01d19bbf7c1ed6e0e_MD5.jpeg","slug":"b53fa024875ecaa01d19bbf7c1ed6e0e_MD5.jpeg","post":"clu9ow0dv00014cnl44gb6u38","modified":0,"renderable":0},{"_id":"source/_posts/frp内网穿透-使用记录/cb48e711cc8de269bbc0f3592df21c0a_MD5.jpeg","slug":"cb48e711cc8de269bbc0f3592df21c0a_MD5.jpeg","post":"clu9ow0dv00014cnl44gb6u38","modified":0,"renderable":0},{"_id":"source/_posts/frp内网穿透-使用记录/fc984d1f1c751c24e90b6b1c29fb4b93_MD5.jpeg","slug":"fc984d1f1c751c24e90b6b1c29fb4b93_MD5.jpeg","post":"clu9ow0dv00014cnl44gb6u38","modified":0,"renderable":0},{"_id":"source/_posts/gcc修炼-第1节/8af5eedd71c05782187f5b0b01ad29ca_MD5.jpeg","slug":"8af5eedd71c05782187f5b0b01ad29ca_MD5.jpeg","post":"clu9ow0dx00024cnl6m7g0gkj","modified":0,"renderable":0},{"_id":"source/_posts/gcc修炼-第1节/fc81ec4f3b390a718d9f921c56e31774_MD5.jpeg","slug":"fc81ec4f3b390a718d9f921c56e31774_MD5.jpeg","post":"clu9ow0dx00024cnl6m7g0gkj","modified":0,"renderable":0}],"PostCategory":[{"post_id":"clu9ow0dv00014cnl44gb6u38","category_id":"clu9ow0dy00034cnl83pifi9j","_id":"clu9ow0dz00074cnlf9b0f930"},{"post_id":"clu9ow0dx00024cnl6m7g0gkj","category_id":"clu9ow0dz00054cnlauf65gkg","_id":"clu9ow0e000094cnlaypf07s0"}],"PostTag":[{"post_id":"clu9ow0dv00014cnl44gb6u38","tag_id":"clu9ow0dy00044cnlglwk8syy","_id":"clu9ow0e0000c4cnl6hqm4jsv"},{"post_id":"clu9ow0dv00014cnl44gb6u38","tag_id":"clu9ow0dz00064cnlakp7fmnu","_id":"clu9ow0e0000d4cnld06p38vp"},{"post_id":"clu9ow0dv00014cnl44gb6u38","tag_id":"clu9ow0dz00084cnl00hw4cif","_id":"clu9ow0e1000f4cnlcg1m8y8a"},{"post_id":"clu9ow0dv00014cnl44gb6u38","tag_id":"clu9ow0e0000a4cnlccot4fw2","_id":"clu9ow0e1000g4cnl5ces141f"},{"post_id":"clu9ow0dx00024cnl6m7g0gkj","tag_id":"clu9ow0e0000b4cnl8zaw31fa","_id":"clu9ow0e1000i4cnld2yo5t53"},{"post_id":"clu9ow0dx00024cnl6m7g0gkj","tag_id":"clu9ow0e0000e4cnl6bno918d","_id":"clu9ow0e1000j4cnlg8vpc8uf"},{"post_id":"clu9ow0dx00024cnl6m7g0gkj","tag_id":"clu9ow0e1000h4cnla2mn5cs1","_id":"clu9ow0e1000k4cnlcm0y8reh"}],"Tag":[{"name":"frp","_id":"clu9ow0dy00044cnlglwk8syy"},{"name":"内网穿透","_id":"clu9ow0dz00064cnlakp7fmnu"},{"name":"ssh","_id":"clu9ow0dz00084cnl00hw4cif"},{"name":"systemd","_id":"clu9ow0e0000a4cnlccot4fw2"},{"name":"GNU","_id":"clu9ow0e0000b4cnl8zaw31fa"},{"name":"GCC","_id":"clu9ow0e0000e4cnl6bno918d"},{"name":"C","_id":"clu9ow0e1000h4cnla2mn5cs1"}]}}